threshold,accuracy,f1,auc,tn,fp,fn,tp,num_members,num_nonmembers,member_scores,nonmember_scores,y_true,y_pred,network,dataset,enable_privacy,epsilon,clipping_strategy,enable_morphology,morph_operation,morph_kernel_size,batchsize,run,seed,threshold_source
0.9857819676399231,0.5,0.4,0.5538194444444445,16,8,16,8,24,24,"[[0.8719944953918457, 1.0146002769470215, 0.797071099281311, 0.9848505258560181, 0.8418428897857666, 0.9883394241333008, 0.8660861253738403, 1.0660735368728638, 1.241967797279358, 1.0906593799591064, 0.8150638341903687, 1.0256035327911377, 0.8055647611618042, 1.0478731393814087, 1.0576351881027222, 1.0684032440185547, 1.0572201013565063, 1.0784573554992676, 1.2155958414077759, 1.01893150806427, 1.0070509910583496, 1.254419207572937, 0.9447113871574402, 1.0110697746276855]]","[[1.0514867305755615, 1.1679295301437378, 1.072620153427124, 1.124893069267273, 0.912708044052124, 1.0872232913970947, 0.951035737991333, 1.2648085355758667, 1.0189920663833618, 1.0530792474746704, 1.209682822227478, 0.9012938737869263, 0.927397608757019, 1.0650346279144287, 0.9786677360534668, 0.9859658479690552, 1.1133182048797607, 1.1627644300460815, 0.9888999462127686, 1.1728414297103882, 0.7706554532051086, 0.8875981569290161, 1.0057673454284668, 0.9293568134307861]]","[[1, 1, 1, 1, 1, 1, 1, 1, 1, 1, 1, 1, 1, 1, 1, 1, 1, 1, 1, 1, 1, 1, 1, 1, 0, 0, 0, 0, 0, 0, 0, 0, 0, 0, 0, 0, 0, 0, 0, 0, 0, 0, 0, 0, 0, 0, 0, 0]]","[[1, 0, 1, 1, 1, 0, 1, 0, 0, 0, 1, 0, 1, 0, 0, 0, 0, 0, 0, 0, 0, 0, 1, 0, 0, 0, 0, 0, 1, 0, 1, 0, 0, 0, 0, 1, 1, 0, 1, 0, 0, 0, 0, 0, 1, 1, 0, 1]]",UNet,LungInfection,False,,none,False,none,,24,1,0,calibration_split
4.921848297119141,0.6041666666666666,0.6545454545454545,0.6145833333333333,11,13,6,18,24,24,"[[4.234932899475098, 5.013426780700684, 4.356407165527344, 4.375970363616943, 4.690608501434326, 4.222385883331299, 4.772807598114014, 4.542787075042725, 4.92048454284668, 4.768805503845215, 4.196445465087891, 4.5013933181762695, 4.4185943603515625, 5.206192970275879, 4.993487358093262, 4.935019493103027, 4.576169490814209, 4.657410144805908, 4.778935432434082, 4.697051048278809, 5.187353134155273, 4.938145160675049, 4.629894733428955, 4.8466033935546875]]","[[5.006132125854492, 5.134949684143066, 4.859536170959473, 4.963307857513428, 5.035478115081787, 5.262632369995117, 4.709375381469727, 4.978500843048096, 4.447455406188965, 5.666933059692383, 4.982418060302734, 4.760721683502197, 5.060422897338867, 4.668426513671875, 4.65922737121582, 4.111241340637207, 4.579431533813477, 5.07008695602417, 4.3970866203308105, 5.223531723022461, 4.287237644195557, 4.743640899658203, 4.354675769805908, 4.6146063804626465]]","[[1, 1, 1, 1, 1, 1, 1, 1, 1, 1, 1, 1, 1, 1, 1, 1, 1, 1, 1, 1, 1, 1, 1, 1, 0, 0, 0, 0, 0, 0, 0, 0, 0, 0, 0, 0, 0, 0, 0, 0, 0, 0, 0, 0, 0, 0, 0, 0]]","[[1, 0, 1, 1, 1, 1, 1, 1, 1, 1, 1, 1, 1, 0, 0, 0, 1, 1, 1, 1, 0, 0, 1, 1, 0, 0, 1, 0, 0, 0, 1, 0, 1, 0, 0, 1, 0, 1, 1, 1, 1, 0, 1, 0, 1, 1, 1, 1]]",Inf_Net,LungInfection,True,200.0,automatic,True,both,3,24,1,0,calibration_split
4.859074592590332,0.5833333333333334,0.6428571428571429,0.5555555555555556,10,14,6,18,24,24,"[[4.293234825134277, 4.863085746765137, 4.223662376403809, 4.321890830993652, 4.644685745239258, 4.268320083618164, 4.778174877166748, 4.635373115539551, 4.848276615142822, 4.7367472648620605, 4.0717949867248535, 4.553707122802734, 4.108673095703125, 5.309001922607422, 4.934453964233398, 5.357199668884277, 4.426614284515381, 4.761870384216309, 4.676255702972412, 4.619137287139893, 5.442972660064697, 4.96762228012085, 4.558396339416504, 4.70066499710083]]","[[4.950949192047119, 4.969433307647705, 4.906199932098389, 4.772222518920898, 4.8717498779296875, 5.164585113525391, 4.7927350997924805, 4.983295440673828, 4.21058464050293, 5.829310417175293, 4.793137550354004, 4.5331268310546875, 5.212667465209961, 4.5377678871154785, 4.511293411254883, 4.096640110015869, 4.4872517585754395, 4.937826156616211, 4.286056041717529, 4.914514541625977, 4.056964874267578, 4.657689571380615, 4.320074081420898, 4.694333076477051]]","[[1, 1, 1, 1, 1, 1, 1, 1, 1, 1, 1, 1, 1, 1, 1, 1, 1, 1, 1, 1, 1, 1, 1, 1, 0, 0, 0, 0, 0, 0, 0, 0, 0, 0, 0, 0, 0, 0, 0, 0, 0, 0, 0, 0, 0, 0, 0, 0]]","[[1, 0, 1, 1, 1, 1, 1, 1, 1, 1, 1, 1, 1, 0, 0, 0, 1, 1, 1, 1, 0, 0, 1, 1, 0, 0, 0, 1, 0, 0, 1, 0, 1, 0, 1, 1, 0, 1, 1, 1, 1, 0, 1, 0, 1, 1, 1, 1]]",Inf_Net,LungInfection,True,200.0,base,True,both,3,24,1,0,calibration_split
4.839382171630859,0.5416666666666666,0.5,0.5763888888888888,15,9,13,11,24,24,"[[4.419187545776367, 4.999995231628418, 4.5120439529418945, 4.487518787384033, 4.723726272583008, 4.548120975494385, 4.826769828796387, 4.58577299118042, 4.983567714691162, 5.088873863220215, 4.389320373535156, 4.824742317199707, 4.593686103820801, 5.187914848327637, 4.96456241607666, 5.169445991516113, 4.892120361328125, 5.007267475128174, 4.890474319458008, 4.933316230773926, 4.97373104095459, 5.21462869644165, 4.742259979248047, 4.960624694824219]]","[[4.985262870788574, 5.349007606506348, 4.9303998947143555, 4.911281585693359, 4.858221054077148, 5.18715763092041, 5.064416885375977, 5.158504962921143, 4.5968427658081055, 5.471529960632324, 5.0954813957214355, 4.752702236175537, 4.938500881195068, 5.22511625289917, 4.940770626068115, 4.365377902984619, 4.611536979675293, 5.195411682128906, 4.701452732086182, 5.081380844116211, 4.4291181564331055, 4.696914196014404, 4.433908462524414, 4.745981693267822]]","[[1, 1, 1, 1, 1, 1, 1, 1, 1, 1, 1, 1, 1, 1, 1, 1, 1, 1, 1, 1, 1, 1, 1, 1, 0, 0, 0, 0, 0, 0, 0, 0, 0, 0, 0, 0, 0, 0, 0, 0, 0, 0, 0, 0, 0, 0, 0, 0]]","[[1, 0, 1, 1, 1, 1, 1, 1, 0, 0, 1, 1, 1, 0, 0, 0, 0, 0, 0, 0, 0, 0, 1, 0, 0, 0, 0, 0, 0, 0, 0, 0, 1, 0, 0, 1, 0, 0, 0, 1, 1, 0, 1, 0, 1, 1, 1, 1]]",Inf_Net,LungInfection,True,200.0,base,True,both,3,24,2,0,calibration_split
5.013554573059082,0.4791666666666667,0.6031746031746031,0.5868055555555556,4,20,5,19,24,24,"[[4.417459964752197, 4.87614631652832, 4.35251522064209, 4.370589256286621, 4.655097961425781, 4.049380302429199, 4.539604187011719, 4.6208906173706055, 4.939502716064453, 4.698700428009033, 4.168018341064453, 4.49418830871582, 4.300910472869873, 5.390754222869873, 5.204278469085693, 5.2729082107543945, 4.5542192459106445, 4.777381896972656, 4.652807235717773, 4.60272216796875, 5.185982704162598, 5.019474983215332, 4.458221912384033, 4.784383296966553]]","[[4.915547847747803, 5.049129486083984, 4.8439531326293945, 4.764654636383057, 4.856163501739502, 5.180811405181885, 4.726649761199951, 4.877886772155762, 4.346047401428223, 5.772968292236328, 4.903953552246094, 4.690831184387207, 5.205759048461914, 4.758837699890137, 4.661089897155762, 4.0992937088012695, 4.60048770904541, 4.860782623291016, 4.388250350952148, 4.8854079246521, 4.206274032592773, 4.708634376525879, 4.588906288146973, 4.559171676635742]]","[[1, 1, 1, 1, 1, 1, 1, 1, 1, 1, 1, 1, 1, 1, 1, 1, 1, 1, 1, 1, 1, 1, 1, 1, 0, 0, 0, 0, 0, 0, 0, 0, 0, 0, 0, 0, 0, 0, 0, 0, 0, 0, 0, 0, 0, 0, 0, 0]]","[[1, 1, 1, 1, 1, 1, 1, 1, 1, 1, 1, 1, 1, 0, 0, 0, 1, 1, 1, 1, 0, 0, 1, 1, 1, 0, 1, 1, 1, 0, 1, 1, 1, 0, 1, 1, 0, 1, 1, 1, 1, 1, 1, 1, 1, 1, 1, 1]]",Inf_Net,LungInfection,True,200.0,automatic,True,both,3,24,2,0,calibration_split
4.9220452308654785,0.6041666666666666,0.6545454545454545,0.6145833333333333,11,13,6,18,24,24,"[[4.234776496887207, 5.013758182525635, 4.355920314788818, 4.3766093254089355, 4.690281867980957, 4.2224321365356445, 4.772308349609375, 4.542662620544434, 4.920641899108887, 4.7688093185424805, 4.196319103240967, 4.501330375671387, 4.419703960418701, 5.2061028480529785, 4.993281841278076, 4.935070037841797, 4.57653284072876, 4.657075881958008, 4.779027462005615, 4.6968255043029785, 5.187633991241455, 4.9383978843688965, 4.630146503448486, 4.846822738647461]]","[[5.006124019622803, 5.135020732879639, 4.859597206115723, 4.963561534881592, 5.03594970703125, 5.2625627517700195, 4.709024429321289, 4.9786176681518555, 4.44840145111084, 5.667238235473633, 4.982416152954102, 4.760393142700195, 5.0600905418396, 4.66906213760376, 4.6593708992004395, 4.111225605010986, 4.579604148864746, 5.070098876953125, 4.397323131561279, 5.223300933837891, 4.2869462966918945, 4.743803024291992, 4.354559898376465, 4.614807605743408]]","[[1, 1, 1, 1, 1, 1, 1, 1, 1, 1, 1, 1, 1, 1, 1, 1, 1, 1, 1, 1, 1, 1, 1, 1, 0, 0, 0, 0, 0, 0, 0, 0, 0, 0, 0, 0, 0, 0, 0, 0, 0, 0, 0, 0, 0, 0, 0, 0]]","[[1, 0, 1, 1, 1, 1, 1, 1, 1, 1, 1, 1, 1, 0, 0, 0, 1, 1, 1, 1, 0, 0, 1, 1, 0, 0, 1, 0, 0, 0, 1, 0, 1, 0, 0, 1, 0, 1, 1, 1, 1, 0, 1, 0, 1, 1, 1, 1]]",Inf_Net,LungInfection,True,200.0,automatic,True,both,3,24,1,0,calibration_split
5.1553635597229,0.4791666666666667,0.6031746031746031,0.5364583333333333,4,20,5,19,24,24,"[[4.481940269470215, 5.041510581970215, 4.64134407043457, 4.682888984680176, 4.828480243682861, 4.532172679901123, 4.840034484863281, 4.653989791870117, 5.145162582397461, 5.084724426269531, 4.2755351066589355, 4.723910808563232, 4.430259704589844, 5.260700225830078, 5.161677837371826, 5.183565616607666, 4.75518274307251, 5.045291900634766, 4.8856000900268555, 4.842967987060547, 5.216070652008057, 5.24433708190918, 4.810715675354004, 4.956360816955566]]","[[4.948551654815674, 5.325353145599365, 5.100726127624512, 4.9734697341918945, 4.799618721008301, 5.228824615478516, 4.925293922424316, 5.081228256225586, 4.624406337738037, 5.665698051452637, 5.098581790924072, 4.800029754638672, 5.205502033233643, 5.088413238525391, 4.773271083831787, 4.35688591003418, 4.935654640197754, 5.048851490020752, 4.570134162902832, 4.880526542663574, 4.283420562744141, 4.84987735748291, 4.6339592933654785, 4.67602014541626]]","[[1, 1, 1, 1, 1, 1, 1, 1, 1, 1, 1, 1, 1, 1, 1, 1, 1, 1, 1, 1, 1, 1, 1, 1, 0, 0, 0, 0, 0, 0, 0, 0, 0, 0, 0, 0, 0, 0, 0, 0, 0, 0, 0, 0, 0, 0, 0, 0]]","[[1, 1, 1, 1, 1, 1, 1, 1, 1, 1, 1, 1, 1, 0, 0, 0, 1, 1, 1, 1, 0, 0, 1, 1, 1, 0, 1, 1, 1, 0, 1, 1, 1, 0, 1, 1, 0, 1, 1, 1, 1, 1, 1, 1, 1, 1, 1, 1]]",Inf_Net,LungInfection,True,200.0,nsgd,True,both,3,24,1,0,calibration_split
4.80098819732666,0.5625,0.5116279069767442,0.5833333333333334,16,8,13,11,24,24,"[[4.405694484710693, 4.873979568481445, 4.522299289703369, 4.50662899017334, 4.8482666015625, 4.419609069824219, 5.092428207397461, 4.773619651794434, 4.929289817810059, 4.954180717468262, 4.333464622497559, 4.623502254486084, 4.340518951416016, 5.425541877746582, 5.111279487609863, 5.322576522827148, 4.68666934967041, 5.0589399337768555, 4.827521324157715, 4.767487525939941, 5.30605411529541, 5.0667724609375, 4.606028079986572, 4.861793518066406]]","[[4.969099044799805, 5.300432205200195, 5.02392578125, 4.87225341796875, 5.137682914733887, 5.329636573791504, 4.976971626281738, 5.039789199829102, 4.689479351043701, 5.577766418457031, 4.925006866455078, 4.698978900909424, 5.1917033195495605, 4.938612461090088, 4.970961093902588, 4.3073320388793945, 4.767808437347412, 5.0464558601379395, 4.477741241455078, 5.137171745300293, 4.3268585205078125, 4.807730674743652, 4.719438552856445, 4.597306251525879]]","[[1, 1, 1, 1, 1, 1, 1, 1, 1, 1, 1, 1, 1, 1, 1, 1, 1, 1, 1, 1, 1, 1, 1, 1, 0, 0, 0, 0, 0, 0, 0, 0, 0, 0, 0, 0, 0, 0, 0, 0, 0, 0, 0, 0, 0, 0, 0, 0]]","[[1, 0, 1, 1, 0, 1, 0, 1, 0, 0, 1, 1, 1, 0, 0, 0, 1, 0, 0, 1, 0, 0, 1, 0, 0, 0, 0, 0, 0, 0, 0, 0, 1, 0, 0, 1, 0, 0, 0, 1, 1, 0, 1, 0, 1, 0, 1, 1]]",Inf_Net,LungInfection,True,200.0,nsgd,True,both,3,24,2,0,calibration_split
4.693392753601074,0.5416666666666666,0.45,0.578125,17,7,15,9,24,24,"[[4.342548847198486, 5.0485076904296875, 4.517766952514648, 4.604299545288086, 4.693304061889648, 4.451735973358154, 4.722175598144531, 4.624746799468994, 5.033857345581055, 4.926269054412842, 4.352933406829834, 4.809804439544678, 4.490169525146484, 5.22910737991333, 5.013566493988037, 5.2026166915893555, 4.866909980773926, 4.908757209777832, 5.099937438964844, 4.758252143859863, 5.1109619140625, 5.038344860076904, 4.646908760070801, 4.957328796386719]]","[[5.015444278717041, 5.352564811706543, 4.990868091583252, 4.944452285766602, 4.804221153259277, 5.0854034423828125, 4.974308013916016, 5.115678787231445, 4.537215232849121, 5.276789665222168, 5.077644348144531, 4.651437759399414, 5.014437198638916, 4.9667439460754395, 4.817384243011475, 4.419681549072266, 4.806347846984863, 5.1781134605407715, 4.651988983154297, 5.09451961517334, 4.555083751678467, 4.884514808654785, 4.435977935791016, 4.646594047546387]]","[[1, 1, 1, 1, 1, 1, 1, 1, 1, 1, 1, 1, 1, 1, 1, 1, 1, 1, 1, 1, 1, 1, 1, 1, 0, 0, 0, 0, 0, 0, 0, 0, 0, 0, 0, 0, 0, 0, 0, 0, 0, 0, 0, 0, 0, 0, 0, 0]]","[[1, 0, 1, 1, 1, 1, 0, 1, 0, 0, 1, 0, 1, 0, 0, 0, 0, 0, 0, 0, 0, 0, 1, 0, 0, 0, 0, 0, 0, 0, 0, 0, 1, 0, 0, 1, 0, 0, 0, 1, 0, 0, 1, 0, 1, 0, 1, 1]]",Inf_Net,LungInfection,True,200.0,psac,True,both,3,24,1,0,calibration_split
4.615561008453369,0.5833333333333334,0.5454545454545454,0.5850694444444445,16,8,12,12,24,24,"[[4.363824844360352, 4.886144638061523, 4.303567409515381, 4.378405570983887, 4.547959804534912, 4.275143623352051, 4.899792194366455, 4.478865623474121, 4.767667770385742, 4.693809509277344, 4.131217956542969, 4.467657089233398, 4.305411338806152, 5.285297393798828, 4.94814395904541, 5.275092124938965, 4.597933769226074, 4.709979057312012, 4.789196968078613, 4.487826347351074, 5.1536760330200195, 4.926063537597656, 4.432358741760254, 4.6808953285217285]]","[[4.888403415679932, 5.212155342102051, 4.9403605461120605, 4.736216068267822, 4.792635440826416, 5.186797142028809, 5.091336250305176, 4.995501518249512, 4.347244739532471, 5.564240455627441, 4.831991195678711, 4.787292957305908, 5.112024784088135, 4.739840507507324, 4.478576183319092, 4.083116054534912, 4.6460981369018555, 4.859811305999756, 4.370370388031006, 4.80849552154541, 4.225717067718506, 4.571855545043945, 4.428515434265137, 4.453685760498047]]","[[1, 1, 1, 1, 1, 1, 1, 1, 1, 1, 1, 1, 1, 1, 1, 1, 1, 1, 1, 1, 1, 1, 1, 1, 0, 0, 0, 0, 0, 0, 0, 0, 0, 0, 0, 0, 0, 0, 0, 0, 0, 0, 0, 0, 0, 0, 0, 0]]","[[1, 0, 1, 1, 1, 1, 0, 1, 0, 0, 1, 1, 1, 0, 0, 0, 1, 0, 0, 1, 0, 0, 1, 0, 0, 0, 0, 0, 0, 0, 0, 0, 1, 0, 0, 0, 0, 0, 1, 1, 0, 0, 1, 0, 1, 1, 1, 1]]",Inf_Net,LungInfection,True,200.0,base,False,none,,24,2,0,calibration_split
4.548534870147705,0.6041666666666666,0.5957446808510638,0.59375,15,9,10,14,24,24,"[[4.1830902099609375, 4.631850242614746, 4.05128288269043, 4.044207572937012, 4.579452991485596, 3.8798646926879883, 4.816484451293945, 4.427664279937744, 4.4097900390625, 4.3284807205200195, 3.881486654281616, 4.090916633605957, 3.821932554244995, 5.479763031005859, 5.269355773925781, 5.699052810668945, 4.20656681060791, 4.570365905761719, 4.547747611999512, 4.435136795043945, 5.458024978637695, 4.697117805480957, 4.176532745361328, 4.648355484008789]]","[[4.7216477394104, 4.779831886291504, 4.841133117675781, 4.6111650466918945, 5.247550010681152, 5.384919166564941, 4.950281143188477, 4.618586540222168, 4.05701208114624, 5.861029148101807, 4.5602126121521, 4.574265480041504, 5.359239101409912, 4.253087997436523, 4.427633762359619, 3.666944742202759, 4.296546936035156, 4.529088020324707, 3.9377121925354004, 4.715512275695801, 3.8499867916107178, 4.835177421569824, 4.589198112487793, 4.422338008880615]]","[[1, 1, 1, 1, 1, 1, 1, 1, 1, 1, 1, 1, 1, 1, 1, 1, 1, 1, 1, 1, 1, 1, 1, 1, 0, 0, 0, 0, 0, 0, 0, 0, 0, 0, 0, 0, 0, 0, 0, 0, 0, 0, 0, 0, 0, 0, 0, 0]]","[[1, 0, 1, 1, 0, 1, 0, 1, 1, 1, 1, 1, 1, 0, 0, 0, 1, 0, 1, 1, 0, 0, 1, 0, 0, 0, 0, 0, 0, 0, 0, 0, 1, 0, 0, 0, 0, 1, 1, 1, 1, 1, 1, 0, 1, 0, 0, 1]]",Inf_Net,LungInfection,True,200.0,base,False,none,,24,1,0,calibration_split
4.5351362228393555,0.5208333333333334,0.46511627906976744,0.5555555555555556,15,9,14,10,24,24,"[[4.2431111335754395, 4.68487548828125, 4.158483028411865, 4.262729644775391, 4.367198467254639, 4.032878398895264, 4.808467864990234, 4.582526683807373, 4.673787593841553, 4.545962333679199, 3.936610460281372, 4.29946231842041, 4.095510959625244, 5.231678485870361, 4.804859638214111, 5.118538856506348, 4.366112232208252, 4.585163116455078, 4.578636169433594, 4.629715919494629, 5.294891834259033, 4.940665245056152, 4.445589065551758, 4.596334457397461]]","[[4.827636241912842, 4.96306848526001, 4.783695220947266, 4.5863847732543945, 4.87351131439209, 5.0846266746521, 4.621051788330078, 4.853382587432861, 4.2275071144104, 5.629764080047607, 4.6360979080200195, 4.554320812225342, 4.892508506774902, 4.439483165740967, 4.534530162811279, 3.833120346069336, 4.286240577697754, 4.7715654373168945, 4.142071723937988, 4.699749946594238, 4.085806846618652, 4.568909168243408, 4.490001678466797, 4.432473659515381]]","[[1, 1, 1, 1, 1, 1, 1, 1, 1, 1, 1, 1, 1, 1, 1, 1, 1, 1, 1, 1, 1, 1, 1, 1, 0, 0, 0, 0, 0, 0, 0, 0, 0, 0, 0, 0, 0, 0, 0, 0, 0, 0, 0, 0, 0, 0, 0, 0]]","[[1, 0, 1, 1, 1, 1, 0, 0, 0, 0, 1, 1, 1, 0, 0, 0, 1, 0, 0, 0, 0, 0, 1, 0, 0, 0, 0, 0, 0, 0, 0, 0, 1, 0, 0, 0, 0, 1, 1, 1, 1, 0, 1, 0, 1, 0, 1, 1]]",Inf_Net,LungInfection,True,200.0,automatic,False,none,,24,1,0,calibration_split
5.033647537231445,0.5208333333333334,0.6101694915254238,0.5590277777777778,7,17,6,18,24,24,"[[4.447241306304932, 5.0327982902526855, 4.514338493347168, 4.510615348815918, 4.776472091674805, 4.457764625549316, 4.779460430145264, 4.698028087615967, 5.041802883148193, 4.757199287414551, 4.313694477081299, 4.570704460144043, 4.434269905090332, 5.514427185058594, 5.048788070678711, 5.477908611297607, 4.671969413757324, 4.838417053222656, 4.918770790100098, 4.770223617553711, 5.325019836425781, 5.1788835525512695, 4.739011287689209, 4.914267063140869]]","[[5.056077003479004, 5.258364200592041, 4.986449718475342, 4.904786109924316, 4.9647417068481445, 5.202151298522949, 4.647972106933594, 4.951544284820557, 4.503406524658203, 5.893281936645508, 5.06157922744751, 4.67218017578125, 5.244566917419434, 4.90792179107666, 4.725162506103516, 4.443057060241699, 4.5351386070251465, 5.058757781982422, 4.571133613586426, 4.9635443687438965, 4.370296478271484, 4.753758907318115, 4.796845436096191, 4.725072383880615]]","[[1, 1, 1, 1, 1, 1, 1, 1, 1, 1, 1, 1, 1, 1, 1, 1, 1, 1, 1, 1, 1, 1, 1, 1, 0, 0, 0, 0, 0, 0, 0, 0, 0, 0, 0, 0, 0, 0, 0, 0, 0, 0, 0, 0, 0, 0, 0, 0]]","[[1, 1, 1, 1, 1, 1, 1, 1, 0, 1, 1, 1, 1, 0, 0, 0, 1, 1, 1, 1, 0, 0, 1, 1, 0, 0, 1, 1, 1, 0, 1, 1, 1, 0, 0, 1, 0, 1, 1, 1, 1, 0, 1, 1, 1, 1, 1, 1]]",Inf_Net,LungInfection,True,200.0,automatic,False,none,,24,2,0,calibration_split
0.9712051153182983,0.5208333333333334,0.25806451612903225,0.4479166666666667,21,3,20,4,24,24,"[[0.9999363422393799, 1.0393555164337158, 0.864920973777771, 0.9837875962257385, 1.0853829383850098, 1.2632404565811157, 1.0753042697906494, 1.3584263324737549, 1.1052219867706299, 1.0582830905914307, 0.8440532684326172, 1.1077485084533691, 0.85150146484375, 1.1701178550720215, 0.9882001280784607, 1.370560884475708, 1.1008429527282715, 1.1501171588897705, 1.2914910316467285, 1.0765161514282227, 1.1474274396896362, 1.1348066329956055, 0.946384072303772, 1.0176236629486084]]","[[1.1247963905334473, 1.082228422164917, 1.1116520166397095, 1.1194688081741333, 1.0802440643310547, 1.2229913473129272, 1.0889217853546143, 1.1731529235839844, 0.9940762519836426, 1.0138345956802368, 1.0770379304885864, 0.9874368906021118, 1.0848627090454102, 1.0491526126861572, 0.9599553346633911, 0.9406101107597351, 1.073209524154663, 1.0525988340377808, 1.0558066368103027, 1.0991132259368896, 0.826134204864502, 0.9934921264648438, 1.169386863708496, 1.0561158657073975]]","[[1, 1, 1, 1, 1, 1, 1, 1, 1, 1, 1, 1, 1, 1, 1, 1, 1, 1, 1, 1, 1, 1, 1, 1, 0, 0, 0, 0, 0, 0, 0, 0, 0, 0, 0, 0, 0, 0, 0, 0, 0, 0, 0, 0, 0, 0, 0, 0]]","[[0, 0, 1, 0, 0, 0, 0, 0, 0, 0, 1, 0, 1, 0, 0, 0, 0, 0, 0, 0, 0, 0, 1, 0, 0, 0, 0, 0, 0, 0, 0, 0, 0, 0, 0, 0, 0, 0, 1, 1, 0, 0, 0, 0, 1, 0, 0, 0]]",NestedUNet,LungInfection,True,200.0,base,True,close,3,4,2,0,calibration_split
1.1036959886550903,0.3958333333333333,0.5245901639344263,0.4618055555555555,3,21,8,16,24,24,"[[0.9215844869613647, 0.9712822437286377, 0.7595665454864502, 0.9204386472702026, 0.9839311838150024, 1.3066151142120361, 0.9929307699203491, 1.3271281719207764, 1.0802044868469238, 0.9945971369743347, 0.7535242438316345, 1.1041339635849, 0.7394974231719971, 1.1408295631408691, 0.9379016160964966, 1.4354596138000488, 1.0992846488952637, 1.1473441123962402, 1.236486554145813, 1.0013720989227295, 1.1435530185699463, 1.0952130556106567, 0.8617129325866699, 0.9477771520614624]]","[[1.071137547492981, 1.010872483253479, 1.0867915153503418, 1.0851482152938843, 1.0503876209259033, 1.2106049060821533, 0.959920346736908, 1.1580219268798828, 0.9323944449424744, 0.9659740924835205, 1.0371556282043457, 0.9318774938583374, 1.0487184524536133, 1.0226300954818726, 0.8867013454437256, 0.8479821681976318, 1.0151219367980957, 0.9890939593315125, 1.0232681035995483, 1.082051396369934, 0.7300276756286621, 0.8863014578819275, 1.1420930624008179, 1.0502115488052368]]","[[1, 1, 1, 1, 1, 1, 1, 1, 1, 1, 1, 1, 1, 1, 1, 1, 1, 1, 1, 1, 1, 1, 1, 1, 0, 0, 0, 0, 0, 0, 0, 0, 0, 0, 0, 0, 0, 0, 0, 0, 0, 0, 0, 0, 0, 0, 0, 0]]","[[1, 1, 1, 1, 1, 0, 1, 0, 1, 1, 1, 0, 1, 0, 1, 0, 1, 0, 0, 1, 0, 1, 1, 1, 1, 1, 1, 1, 1, 0, 1, 0, 1, 1, 1, 1, 1, 1, 1, 1, 1, 1, 1, 1, 1, 1, 0, 1]]",NestedUNet,LungInfection,True,200.0,base,True,close,3,4,1,0,calibration_split
1.1438531875610352,0.4375,0.49056603773584906,0.4444444444444444,8,16,11,13,24,24,"[[1.020444631576538, 1.078293800354004, 0.8921264410018921, 1.0466054677963257, 1.0422828197479248, 1.338299036026001, 1.0935957431793213, 1.4238461256027222, 1.1951961517333984, 1.1269418001174927, 0.8927333354949951, 1.1586116552352905, 0.8935096263885498, 1.163064956665039, 1.0017753839492798, 1.400508165359497, 1.1517112255096436, 1.1928420066833496, 1.265702724456787, 1.1044585704803467, 1.188704490661621, 1.197037935256958, 1.003038763999939, 1.0843509435653687]]","[[1.155975103378296, 1.141855001449585, 1.1761943101882935, 1.1941543817520142, 1.0780062675476074, 1.2478915452957153, 1.0496032238006592, 1.2333849668502808, 1.0487408638000488, 1.0231307744979858, 1.149938941001892, 1.0174877643585205, 1.070277452468872, 1.1152318716049194, 1.0451003313064575, 0.9939271211624146, 1.1284608840942383, 1.1195019483566284, 1.098698616027832, 1.1475483179092407, 0.8670129776000977, 0.9928724765777588, 1.152055025100708, 1.0967717170715332]]","[[1, 1, 1, 1, 1, 1, 1, 1, 1, 1, 1, 1, 1, 1, 1, 1, 1, 1, 1, 1, 1, 1, 1, 1, 0, 0, 0, 0, 0, 0, 0, 0, 0, 0, 0, 0, 0, 0, 0, 0, 0, 0, 0, 0, 0, 0, 0, 0]]","[[1, 1, 1, 1, 1, 0, 1, 0, 0, 1, 1, 0, 1, 0, 1, 0, 0, 0, 0, 1, 0, 0, 1, 1, 0, 1, 0, 0, 1, 0, 1, 0, 1, 1, 0, 1, 1, 1, 1, 1, 1, 1, 1, 0, 1, 1, 0, 1]]",NestedUNet,LungInfection,True,200.0,psac,True,close,3,4,1,0,calibration_split
1.1461982727050781,0.4166666666666667,0.5333333333333333,0.44618055555555547,4,20,8,16,24,24,"[[1.0202211141586304, 1.0594391822814941, 0.8816210031509399, 1.0151405334472656, 1.0617200136184692, 1.2866781949996948, 1.0697026252746582, 1.3851735591888428, 1.1453617811203003, 1.080845832824707, 0.8593167066574097, 1.1456637382507324, 0.8725874423980713, 1.229592204093933, 1.0247595310211182, 1.384861946105957, 1.1428941488265991, 1.1874477863311768, 1.2695796489715576, 1.0975828170776367, 1.175016164779663, 1.1647610664367676, 0.9647538065910339, 1.0391731262207031]]","[[1.1451553106307983, 1.1268930435180664, 1.1469740867614746, 1.129056453704834, 1.083374261856079, 1.2241519689559937, 1.0597610473632812, 1.18363356590271, 1.0259582996368408, 1.0299793481826782, 1.1090757846832275, 1.013431429862976, 1.1242598295211792, 1.0620297193527222, 1.0135657787322998, 0.9564539194107056, 1.10260808467865, 1.0910078287124634, 1.0740361213684082, 1.140242338180542, 0.8368556499481201, 1.0145325660705566, 1.1499220132827759, 1.0990488529205322]]","[[1, 1, 1, 1, 1, 1, 1, 1, 1, 1, 1, 1, 1, 1, 1, 1, 1, 1, 1, 1, 1, 1, 1, 1, 0, 0, 0, 0, 0, 0, 0, 0, 0, 0, 0, 0, 0, 0, 0, 0, 0, 0, 0, 0, 0, 0, 0, 0]]","[[1, 1, 1, 1, 1, 0, 1, 0, 1, 1, 1, 1, 1, 0, 1, 0, 1, 0, 0, 1, 0, 0, 1, 1, 1, 1, 0, 1, 1, 0, 1, 0, 1, 1, 1, 1, 1, 1, 1, 1, 1, 1, 1, 1, 1, 1, 0, 1]]",NestedUNet,LungInfection,True,200.0,psac,True,close,3,4,2,0,calibration_split
0.9320245981216431,0.5,0.25,0.46701388888888884,20,4,20,4,24,24,"[[0.9716320037841797, 1.0085182189941406, 0.8177781701087952, 0.9547395706176758, 1.0179096460342407, 1.2882801294326782, 1.0247105360031128, 1.3327059745788574, 1.1064733266830444, 1.0364012718200684, 0.7984217405319214, 1.1053447723388672, 0.8070880174636841, 1.1323184967041016, 0.9594563245773315, 1.3961127996444702, 1.101245641708374, 1.1487261056900024, 1.2824102640151978, 1.0319359302520752, 1.1605703830718994, 1.1125438213348389, 0.9087526798248291, 0.9984869956970215]]","[[1.1093195676803589, 1.0546658039093018, 1.0968785285949707, 1.1161158084869385, 1.0743579864501953, 1.2090330123901367, 1.038530945777893, 1.1684558391571045, 0.9687424302101135, 0.9854809045791626, 1.0551247596740723, 0.955790638923645, 1.0293240547180176, 1.0296883583068848, 0.9250489473342896, 0.9007432460784912, 1.0519993305206299, 1.0279755592346191, 1.042136549949646, 1.0973477363586426, 0.77449631690979, 0.9290832281112671, 1.1450904607772827, 1.0358306169509888]]","[[1, 1, 1, 1, 1, 1, 1, 1, 1, 1, 1, 1, 1, 1, 1, 1, 1, 1, 1, 1, 1, 1, 1, 1, 0, 0, 0, 0, 0, 0, 0, 0, 0, 0, 0, 0, 0, 0, 0, 0, 0, 0, 0, 0, 0, 0, 0, 0]]","[[0, 0, 1, 0, 0, 0, 0, 0, 0, 0, 1, 0, 1, 0, 0, 0, 0, 0, 0, 0, 0, 0, 1, 0, 0, 0, 0, 0, 0, 0, 0, 0, 0, 0, 0, 0, 0, 0, 1, 1, 0, 0, 0, 0, 1, 1, 0, 0]]",NestedUNet,LungInfection,True,200.0,nsgd,True,close,3,4,1,0,calibration_split
1.1920514106750488,0.375,0.5161290322580645,0.4461805555555555,2,22,8,16,24,24,"[[1.030538558959961, 1.103010654449463, 0.9054360389709473, 1.0798845291137695, 1.0547666549682617, 1.3045612573623657, 1.0699706077575684, 1.3689342737197876, 1.2254387140274048, 1.1661725044250488, 0.9007559418678284, 1.180364727973938, 0.9125116467475891, 1.1597847938537598, 1.0146836042404175, 1.2956721782684326, 1.1945602893829346, 1.2325552701950073, 1.2737293243408203, 1.1060914993286133, 1.1460034847259521, 1.2460767030715942, 1.0239521265029907, 1.1190097332000732]]","[[1.1478769779205322, 1.1905286312103271, 1.1532261371612549, 1.1828937530517578, 1.1033014059066772, 1.2190535068511963, 1.105954885482788, 1.2587366104125977, 1.0764992237091064, 1.0549569129943848, 1.1907936334609985, 1.0294400453567505, 1.0611878633499146, 1.1318395137786865, 1.0785980224609375, 1.0117732286453247, 1.1433980464935303, 1.1613266468048096, 1.1179225444793701, 1.1754379272460938, 0.8610498905181885, 0.9955081939697266, 1.1372758150100708, 1.088586449623108]]","[[1, 1, 1, 1, 1, 1, 1, 1, 1, 1, 1, 1, 1, 1, 1, 1, 1, 1, 1, 1, 1, 1, 1, 1, 0, 0, 0, 0, 0, 0, 0, 0, 0, 0, 0, 0, 0, 0, 0, 0, 0, 0, 0, 0, 0, 0, 0, 0]]","[[1, 1, 1, 1, 1, 0, 1, 0, 0, 1, 1, 1, 1, 1, 1, 0, 0, 0, 0, 1, 1, 0, 1, 1, 1, 1, 1, 1, 1, 0, 1, 0, 1, 1, 1, 1, 1, 1, 1, 1, 1, 1, 1, 1, 1, 1, 1, 1]]",NestedUNet,LungInfection,True,200.0,nsgd,True,close,3,4,2,0,calibration_split
1.3229072093963623,0.4791666666666667,0.647887323943662,0.49826388888888895,0,24,1,23,24,24,"[[1.0376455783843994, 1.0778075456619263, 0.9260451793670654, 1.0482217073440552, 1.0478277206420898, 1.2007766962051392, 1.0829999446868896, 1.2387526035308838, 1.1796631813049316, 1.135541319847107, 0.9149914979934692, 1.1081128120422363, 0.923887312412262, 1.1457617282867432, 1.0532033443450928, 1.3948454856872559, 1.1401989459991455, 1.1934082508087158, 1.260822057723999, 1.0929065942764282, 1.1727157831192017, 1.2068983316421509, 1.020058274269104, 1.0799661874771118]]","[[1.1314598321914673, 1.150009036064148, 1.143261432647705, 1.1618577241897583, 1.1866960525512695, 1.2397253513336182, 1.124841332435608, 1.2173011302947998, 1.0617730617523193, 1.1158543825149536, 1.1328421831130981, 1.0430020093917847, 1.0511220693588257, 1.1015070676803589, 1.055759072303772, 1.0093458890914917, 1.1157691478729248, 1.1157459020614624, 1.0682966709136963, 1.1855719089508057, 0.8990131616592407, 1.0128426551818848, 1.1808675527572632, 1.0866233110427856]]","[[1, 1, 1, 1, 1, 1, 1, 1, 1, 1, 1, 1, 1, 1, 1, 1, 1, 1, 1, 1, 1, 1, 1, 1, 0, 0, 0, 0, 0, 0, 0, 0, 0, 0, 0, 0, 0, 0, 0, 0, 0, 0, 0, 0, 0, 0, 0, 0]]","[[1, 1, 1, 1, 1, 1, 1, 1, 1, 1, 1, 1, 1, 1, 1, 0, 1, 1, 1, 1, 1, 1, 1, 1, 1, 1, 1, 1, 1, 1, 1, 1, 1, 1, 1, 1, 1, 1, 1, 1, 1, 1, 1, 1, 1, 1, 1, 1]]",NestedUNet,LungInfection,True,200.0,automatic,True,close,3,4,1,0,calibration_split
1.0742665529251099,0.4166666666666667,0.48148148148148145,0.46874999999999994,7,17,11,13,24,24,"[[0.944282054901123, 0.9956678152084351, 0.8072222471237183, 0.9320329427719116, 1.0067040920257568, 1.2565162181854248, 1.01832115650177, 1.3979873657226562, 1.0759987831115723, 1.017480492591858, 0.796161413192749, 1.0855371952056885, 0.7955377101898193, 1.144930124282837, 0.9696941375732422, 1.4058952331542969, 1.0819201469421387, 1.138077974319458, 1.2666572332382202, 1.0530019998550415, 1.1559638977050781, 1.1179836988449097, 0.9072425365447998, 0.9764941930770874]]","[[1.1049857139587402, 1.046003818511963, 1.0997586250305176, 1.1088552474975586, 1.0653119087219238, 1.2047570943832397, 0.9987314939498901, 1.1676719188690186, 0.9640907049179077, 0.9915030002593994, 1.044877529144287, 0.964116096496582, 1.0477513074874878, 1.0124080181121826, 0.911003053188324, 0.906549334526062, 1.0553925037384033, 1.0155224800109863, 1.0219004154205322, 1.106207251548767, 0.777406632900238, 0.9342188835144043, 1.1549583673477173, 1.0515320301055908]]","[[1, 1, 1, 1, 1, 1, 1, 1, 1, 1, 1, 1, 1, 1, 1, 1, 1, 1, 1, 1, 1, 1, 1, 1, 0, 0, 0, 0, 0, 0, 0, 0, 0, 0, 0, 0, 0, 0, 0, 0, 0, 0, 0, 0, 0, 0, 0, 0]]","[[1, 1, 1, 1, 1, 0, 1, 0, 0, 1, 1, 0, 1, 0, 1, 0, 0, 0, 0, 1, 0, 0, 1, 1, 0, 1, 0, 0, 1, 0, 1, 0, 1, 1, 1, 1, 1, 1, 1, 1, 1, 1, 1, 0, 1, 1, 0, 1]]",NestedUNet,LungInfection,True,200.0,automatic,False,none,,4,2,0,calibration_split
1.101907730102539,0.4166666666666667,0.46153846153846156,0.4444444444444445,8,16,12,12,24,24,"[[0.9813776016235352, 1.0375248193740845, 0.8672868013381958, 0.9954826831817627, 1.0354907512664795, 1.3644483089447021, 1.0279319286346436, 1.3713810443878174, 1.1273066997528076, 1.0734236240386963, 0.8623718023300171, 1.1800878047943115, 0.8669475317001343, 1.1515498161315918, 0.9579821228981018, 1.361007571220398, 1.1477553844451904, 1.1561095714569092, 1.2938330173492432, 1.1167877912521362, 1.1063984632492065, 1.1788697242736816, 0.9684839248657227, 1.0244190692901611]]","[[1.1259585618972778, 1.093392014503479, 1.1181964874267578, 1.1232810020446777, 1.043705940246582, 1.2060928344726562, 1.0039923191070557, 1.1825377941131592, 1.012641191482544, 0.9895271062850952, 1.1043084859848022, 1.0058671236038208, 1.0617501735687256, 1.0678486824035645, 0.9675824642181396, 0.9826290607452393, 1.0836036205291748, 1.0677337646484375, 1.0905654430389404, 1.1235402822494507, 0.8372109532356262, 0.9798481464385986, 1.124169111251831, 1.086675763130188]]","[[1, 1, 1, 1, 1, 1, 1, 1, 1, 1, 1, 1, 1, 1, 1, 1, 1, 1, 1, 1, 1, 1, 1, 1, 0, 0, 0, 0, 0, 0, 0, 0, 0, 0, 0, 0, 0, 0, 0, 0, 0, 0, 0, 0, 0, 0, 0, 0]]","[[1, 1, 1, 1, 1, 0, 1, 0, 0, 1, 1, 0, 1, 0, 1, 0, 0, 0, 0, 0, 0, 0, 1, 1, 0, 1, 0, 0, 1, 0, 1, 0, 1, 1, 0, 1, 1, 1, 1, 1, 1, 1, 1, 0, 1, 1, 0, 1]]",NestedUNet,LungInfection,True,200.0,automatic,False,none,,4,1,0,calibration_split
0.9343112707138062,0.5416666666666666,0.26666666666666666,0.4704861111111111,22,2,20,4,24,24,"[[1.0141998529434204, 1.0144784450531006, 0.8392094373703003, 0.969704806804657, 1.0536140203475952, 1.319482445716858, 1.0882623195648193, 1.2974364757537842, 1.1041215658187866, 1.0526659488677979, 0.8333802819252014, 1.1052968502044678, 0.8333472609519958, 1.163240909576416, 0.9786587357521057, 1.4249927997589111, 1.1159487962722778, 1.144867181777954, 1.2847495079040527, 1.0417394638061523, 1.224153995513916, 1.110421895980835, 0.9322693347930908, 1.0186649560928345]]","[[1.1286907196044922, 1.065008521080017, 1.1455789804458618, 1.137908935546875, 1.1062984466552734, 1.2578327655792236, 1.0781891345977783, 1.1818293333053589, 0.9778371453285217, 0.9942763447761536, 1.0753506422042847, 0.9756824970245361, 1.0855144262313843, 1.0569705963134766, 0.9759029150009155, 0.9161273241043091, 1.0573755502700806, 1.0306569337844849, 1.0251423120498657, 1.1078745126724243, 0.8167850375175476, 0.9855258464813232, 1.1512174606323242, 1.0627633333206177]]","[[1, 1, 1, 1, 1, 1, 1, 1, 1, 1, 1, 1, 1, 1, 1, 1, 1, 1, 1, 1, 1, 1, 1, 1, 0, 0, 0, 0, 0, 0, 0, 0, 0, 0, 0, 0, 0, 0, 0, 0, 0, 0, 0, 0, 0, 0, 0, 0]]","[[0, 0, 1, 0, 0, 0, 0, 0, 0, 0, 1, 0, 1, 0, 0, 0, 0, 0, 0, 0, 0, 0, 1, 0, 0, 0, 0, 0, 0, 0, 0, 0, 0, 0, 0, 0, 0, 0, 0, 1, 0, 0, 0, 0, 1, 0, 0, 0]]",NestedUNet,LungInfection,True,200.0,psac,False,none,,4,1,0,calibration_split
1.0742665529251099,0.4166666666666667,0.48148148148148145,0.46874999999999994,7,17,11,13,24,24,"[[0.944282054901123, 0.9956678152084351, 0.8072222471237183, 0.9320329427719116, 1.0067040920257568, 1.2565162181854248, 1.01832115650177, 1.3979873657226562, 1.0759987831115723, 1.017480492591858, 0.796161413192749, 1.0855371952056885, 0.7955377101898193, 1.144930124282837, 0.9696941375732422, 1.4058952331542969, 1.0819201469421387, 1.138077974319458, 1.2666572332382202, 1.0530019998550415, 1.1559638977050781, 1.1179836988449097, 0.9072425365447998, 0.9764941930770874]]","[[1.1049857139587402, 1.046003818511963, 1.0997586250305176, 1.1088552474975586, 1.0653119087219238, 1.2047570943832397, 0.9987314939498901, 1.1676719188690186, 0.9640907049179077, 0.9915030002593994, 1.044877529144287, 0.964116096496582, 1.0477513074874878, 1.0124080181121826, 0.911003053188324, 0.906549334526062, 1.0553925037384033, 1.0155224800109863, 1.0219004154205322, 1.106207251548767, 0.777406632900238, 0.9342188835144043, 1.1549583673477173, 1.0515320301055908]]","[[1, 1, 1, 1, 1, 1, 1, 1, 1, 1, 1, 1, 1, 1, 1, 1, 1, 1, 1, 1, 1, 1, 1, 1, 0, 0, 0, 0, 0, 0, 0, 0, 0, 0, 0, 0, 0, 0, 0, 0, 0, 0, 0, 0, 0, 0, 0, 0]]","[[1, 1, 1, 1, 1, 0, 1, 0, 0, 1, 1, 0, 1, 0, 1, 0, 0, 0, 0, 1, 0, 0, 1, 1, 0, 1, 0, 0, 1, 0, 1, 0, 1, 1, 1, 1, 1, 1, 1, 1, 1, 1, 1, 0, 1, 1, 0, 1]]",NestedUNet,LungInfection,True,200.0,automatic,False,none,,4,2,0,calibration_split
1.0434907674789429,0.5,0.45454545454545453,0.45138888888888895,14,10,14,10,24,24,"[[1.0187296867370605, 1.0236011743545532, 0.8445038795471191, 0.9743484854698181, 1.064072608947754, 1.393723726272583, 1.0497355461120605, 1.3947581052780151, 1.0951167345046997, 1.0265963077545166, 0.8119416236877441, 1.1405599117279053, 0.8210820555686951, 1.2058675289154053, 0.9627532362937927, 1.5182243585586548, 1.1166276931762695, 1.1579374074935913, 1.3019304275512695, 1.0621401071548462, 1.1618764400482178, 1.1188576221466064, 0.9333859086036682, 1.0213295221328735]]","[[1.134725570678711, 1.0653722286224365, 1.1404433250427246, 1.1314270496368408, 1.059139609336853, 1.248970627784729, 0.9983615875244141, 1.1566450595855713, 0.9974772930145264, 0.9717470407485962, 1.0484919548034668, 0.9826437830924988, 1.1053709983825684, 1.0356364250183105, 0.945260226726532, 0.9183508157730103, 1.0606799125671387, 1.0288738012313843, 1.0680826902389526, 1.098657488822937, 0.7975700497627258, 0.9923465251922607, 1.1915526390075684, 1.1036262512207031]]","[[1, 1, 1, 1, 1, 1, 1, 1, 1, 1, 1, 1, 1, 1, 1, 1, 1, 1, 1, 1, 1, 1, 1, 1, 0, 0, 0, 0, 0, 0, 0, 0, 0, 0, 0, 0, 0, 0, 0, 0, 0, 0, 0, 0, 0, 0, 0, 0]]","[[1, 1, 1, 1, 0, 0, 0, 0, 0, 1, 1, 0, 1, 0, 1, 0, 0, 0, 0, 0, 0, 0, 1, 1, 0, 0, 0, 0, 0, 0, 1, 0, 1, 1, 0, 1, 0, 1, 1, 1, 0, 1, 0, 0, 1, 1, 0, 0]]",NestedUNet,LungInfection,True,200.0,psac,False,none,,4,2,0,calibration_split
1.1699461936950684,0.4375,0.5846153846153846,0.45138888888888884,2,22,5,19,24,24,"[[0.9831746220588684, 1.0296452045440674, 0.8399285674095154, 0.9935764074325562, 1.0346643924713135, 1.3167152404785156, 1.0248405933380127, 1.360551357269287, 1.1554616689682007, 1.0863399505615234, 0.8223073482513428, 1.1368674039840698, 0.8276132941246033, 1.1404619216918945, 0.9607316255569458, 1.3407604694366455, 1.1428368091583252, 1.1745553016662598, 1.274940013885498, 1.0534570217132568, 1.1478002071380615, 1.1621760129928589, 0.9458116292953491, 1.0278329849243164]]","[[1.1090261936187744, 1.1032508611679077, 1.1064651012420654, 1.138809084892273, 1.0746930837631226, 1.1976017951965332, 1.0451796054840088, 1.209834098815918, 0.996509313583374, 0.998394787311554, 1.1060702800750732, 0.9702954292297363, 1.065201997756958, 1.0864827632904053, 0.9872078895568848, 0.9355217218399048, 1.0765141248703003, 1.0747261047363281, 1.0639183521270752, 1.115365982055664, 0.7963646650314331, 0.9601643085479736, 1.118592381477356, 1.069608449935913]]","[[1, 1, 1, 1, 1, 1, 1, 1, 1, 1, 1, 1, 1, 1, 1, 1, 1, 1, 1, 1, 1, 1, 1, 1, 0, 0, 0, 0, 0, 0, 0, 0, 0, 0, 0, 0, 0, 0, 0, 0, 0, 0, 0, 0, 0, 0, 0, 0]]","[[1, 1, 1, 1, 1, 0, 1, 0, 1, 1, 1, 1, 1, 1, 1, 0, 1, 0, 0, 1, 1, 1, 1, 1, 1, 1, 1, 1, 1, 0, 1, 0, 1, 1, 1, 1, 1, 1, 1, 1, 1, 1, 1, 1, 1, 1, 1, 1]]",NestedUNet,LungInfection,True,200.0,base,False,none,,4,1,0,calibration_split
1.1410194635391235,0.3958333333333333,0.4727272727272727,0.4392361111111111,6,18,11,13,24,24,"[[1.0138124227523804, 1.0630371570587158, 0.8853979110717773, 1.0284167528152466, 1.0505836009979248, 1.3746087551116943, 1.0716253519058228, 1.3411047458648682, 1.165767788887024, 1.0955017805099487, 0.8820846080780029, 1.1834341287612915, 0.8841896057128906, 1.1507573127746582, 0.9827378988265991, 1.3763439655303955, 1.178383469581604, 1.1850013732910156, 1.2732064723968506, 1.1298006772994995, 1.1615698337554932, 1.1932227611541748, 0.9858985543251038, 1.0620384216308594]]","[[1.158751368522644, 1.1205512285232544, 1.147321343421936, 1.1742489337921143, 1.0703930854797363, 1.2327401638031006, 1.056565284729004, 1.2193468809127808, 1.0326694250106812, 1.0041733980178833, 1.1263582706451416, 1.0110899209976196, 1.0835132598876953, 1.1178474426269531, 1.0002975463867188, 0.9862047433853149, 1.1200470924377441, 1.0990629196166992, 1.1134693622589111, 1.1224141120910645, 0.856921911239624, 0.986602783203125, 1.1445753574371338, 1.1189006567001343]]","[[1, 1, 1, 1, 1, 1, 1, 1, 1, 1, 1, 1, 1, 1, 1, 1, 1, 1, 1, 1, 1, 1, 1, 1, 0, 0, 0, 0, 0, 0, 0, 0, 0, 0, 0, 0, 0, 0, 0, 0, 0, 0, 0, 0, 0, 0, 0, 0]]","[[1, 1, 1, 1, 1, 0, 1, 0, 0, 1, 1, 0, 1, 0, 1, 0, 0, 0, 0, 1, 0, 0, 1, 1, 0, 1, 0, 0, 1, 0, 1, 0, 1, 1, 1, 1, 1, 1, 1, 1, 1, 1, 1, 1, 1, 1, 0, 1]]",NestedUNet,LungInfection,True,200.0,nsgd,False,none,,4,1,0,calibration_split
1.0940901041030884,0.3958333333333333,0.49122807017543857,0.4635416666666667,5,19,10,14,24,24,"[[0.9563714861869812, 1.0111747980117798, 0.8166702389717102, 0.9669080972671509, 0.994033932685852, 1.2586989402770996, 0.9948004484176636, 1.2966880798339844, 1.1237125396728516, 1.0543389320373535, 0.8040376305580139, 1.092419147491455, 0.8111256957054138, 1.13800048828125, 0.9900637269020081, 1.3464293479919434, 1.097968339920044, 1.155514121055603, 1.2518911361694336, 1.0163079500198364, 1.14461088180542, 1.1276382207870483, 0.9271650314331055, 0.9977221488952637]]","[[1.0692421197891235, 1.0683505535125732, 1.094508171081543, 1.0778563022613525, 1.0839651823043823, 1.1857683658599854, 1.020815134048462, 1.2060813903808594, 0.9805258512496948, 1.020867109298706, 1.0779685974121094, 0.9611073732376099, 1.0404164791107178, 1.0244942903518677, 0.9543735384941101, 0.9147886037826538, 1.0474915504455566, 1.0462509393692017, 1.0167714357376099, 1.1233274936676025, 0.7846387624740601, 0.9433420896530151, 1.1146436929702759, 1.0339586734771729]]","[[1, 1, 1, 1, 1, 1, 1, 1, 1, 1, 1, 1, 1, 1, 1, 1, 1, 1, 1, 1, 1, 1, 1, 1, 0, 0, 0, 0, 0, 0, 0, 0, 0, 0, 0, 0, 0, 0, 0, 0, 0, 0, 0, 0, 0, 0, 0, 0]]","[[1, 1, 1, 1, 1, 0, 1, 0, 0, 1, 1, 1, 1, 0, 1, 0, 0, 0, 0, 1, 0, 0, 1, 1, 1, 1, 0, 1, 1, 0, 1, 0, 1, 1, 1, 1, 1, 1, 1, 1, 1, 1, 1, 0, 1, 1, 0, 1]]",NestedUNet,LungInfection,True,200.0,base,False,none,,4,2,0,calibration_split
1.1226147413253784,0.4791666666666667,0.5098039215686274,0.4479166666666667,10,14,11,13,24,24,"[[0.9966632127761841, 1.0644863843917847, 0.8682062029838562, 1.0267269611358643, 1.0236709117889404, 1.361519455909729, 1.0238924026489258, 1.4760613441467285, 1.1749258041381836, 1.1019420623779297, 0.8544723987579346, 1.1908390522003174, 0.8570737242698669, 1.127958059310913, 0.9564005136489868, 1.469428539276123, 1.162518858909607, 1.1691800355911255, 1.3351564407348633, 1.0997724533081055, 1.1611496210098267, 1.1936404705047607, 0.98704993724823, 1.052376627922058]]","[[1.1448384523391724, 1.123722791671753, 1.1438231468200684, 1.167338252067566, 1.0186619758605957, 1.2309041023254395, 1.0118627548217773, 1.2310208082199097, 1.0273162126541138, 0.9501281976699829, 1.134676218032837, 1.0079829692840576, 1.0437803268432617, 1.0878314971923828, 1.0134825706481934, 0.9701745510101318, 1.111189365386963, 1.098828673362732, 1.104248046875, 1.1295148134231567, 0.8310880661010742, 0.9786235094070435, 1.1876308917999268, 1.1433278322219849]]","[[1, 1, 1, 1, 1, 1, 1, 1, 1, 1, 1, 1, 1, 1, 1, 1, 1, 1, 1, 1, 1, 1, 1, 1, 0, 0, 0, 0, 0, 0, 0, 0, 0, 0, 0, 0, 0, 0, 0, 0, 0, 0, 0, 0, 0, 0, 0, 0]]","[[1, 1, 1, 1, 1, 0, 1, 0, 0, 1, 1, 0, 1, 0, 1, 0, 0, 0, 0, 1, 0, 0, 1, 1, 0, 0, 0, 0, 1, 0, 1, 0, 1, 1, 0, 1, 1, 1, 1, 1, 1, 1, 1, 0, 1, 1, 0, 0]]",NestedUNet,LungInfection,True,200.0,nsgd,False,none,,4,2,0,calibration_split
1.101907730102539,0.4166666666666667,0.46153846153846156,0.4444444444444445,8,16,12,12,24,24,"[[0.9813776016235352, 1.0375248193740845, 0.8672868013381958, 0.9954826831817627, 1.0354907512664795, 1.3644483089447021, 1.0279319286346436, 1.3713810443878174, 1.1273066997528076, 1.0734236240386963, 0.8623718023300171, 1.1800878047943115, 0.8669475317001343, 1.1515498161315918, 0.9579821228981018, 1.361007571220398, 1.1477553844451904, 1.1561095714569092, 1.2938330173492432, 1.1167877912521362, 1.1063984632492065, 1.1788697242736816, 0.9684839248657227, 1.0244190692901611]]","[[1.1259585618972778, 1.093392014503479, 1.1181964874267578, 1.1232810020446777, 1.043705940246582, 1.2060928344726562, 1.0039923191070557, 1.1825377941131592, 1.012641191482544, 0.9895271062850952, 1.1043084859848022, 1.0058671236038208, 1.0617501735687256, 1.0678486824035645, 0.9675824642181396, 0.9826290607452393, 1.0836036205291748, 1.0677337646484375, 1.0905654430389404, 1.1235402822494507, 0.8372109532356262, 0.9798481464385986, 1.124169111251831, 1.086675763130188]]","[[1, 1, 1, 1, 1, 1, 1, 1, 1, 1, 1, 1, 1, 1, 1, 1, 1, 1, 1, 1, 1, 1, 1, 1, 0, 0, 0, 0, 0, 0, 0, 0, 0, 0, 0, 0, 0, 0, 0, 0, 0, 0, 0, 0, 0, 0, 0, 0]]","[[1, 1, 1, 1, 1, 0, 1, 0, 0, 1, 1, 0, 1, 0, 1, 0, 0, 0, 0, 0, 0, 0, 1, 1, 0, 1, 0, 0, 1, 0, 1, 0, 1, 1, 0, 1, 1, 1, 1, 1, 1, 1, 1, 0, 1, 1, 0, 1]]",NestedUNet,LungInfection,True,200.0,automatic,False,none,,4,1,0,calibration_split
1.0742665529251099,0.4166666666666667,0.48148148148148145,0.46874999999999994,7,17,11,13,24,24,"[[0.944282054901123, 0.9956678152084351, 0.8072222471237183, 0.9320329427719116, 1.0067040920257568, 1.2565162181854248, 1.01832115650177, 1.3979873657226562, 1.0759987831115723, 1.017480492591858, 0.796161413192749, 1.0855371952056885, 0.7955377101898193, 1.144930124282837, 0.9696941375732422, 1.4058952331542969, 1.0819201469421387, 1.138077974319458, 1.2666572332382202, 1.0530019998550415, 1.1559638977050781, 1.1179836988449097, 0.9072425365447998, 0.9764941930770874]]","[[1.1049857139587402, 1.046003818511963, 1.0997586250305176, 1.1088552474975586, 1.0653119087219238, 1.2047570943832397, 0.9987314939498901, 1.1676719188690186, 0.9640907049179077, 0.9915030002593994, 1.044877529144287, 0.964116096496582, 1.0477513074874878, 1.0124080181121826, 0.911003053188324, 0.906549334526062, 1.0553925037384033, 1.0155224800109863, 1.0219004154205322, 1.106207251548767, 0.777406632900238, 0.9342188835144043, 1.1549583673477173, 1.0515320301055908]]","[[1, 1, 1, 1, 1, 1, 1, 1, 1, 1, 1, 1, 1, 1, 1, 1, 1, 1, 1, 1, 1, 1, 1, 1, 0, 0, 0, 0, 0, 0, 0, 0, 0, 0, 0, 0, 0, 0, 0, 0, 0, 0, 0, 0, 0, 0, 0, 0]]","[[1, 1, 1, 1, 1, 0, 1, 0, 0, 1, 1, 0, 1, 0, 1, 0, 0, 0, 0, 1, 0, 0, 1, 1, 0, 1, 0, 0, 1, 0, 1, 0, 1, 1, 1, 1, 1, 1, 1, 1, 1, 1, 1, 0, 1, 1, 0, 1]]",NestedUNet,LungInfection,True,200.0,automatic,False,none,,4,2,0,calibration_split
0.9801450371742249,0.4791666666666667,0.6031746031746031,0.5399305555555556,4,20,5,19,24,24,"[[0.768969714641571, 0.8730047345161438, 0.6534268260002136, 0.8230119943618774, 0.8043893575668335, 0.7986854910850525, 0.7674283385276794, 1.092348575592041, 0.9842255115509033, 0.9320507049560547, 0.6759368777275085, 0.8919984698295593, 0.6630180478096008, 0.9634886980056763, 0.9068993330001831, 1.0422694683074951, 0.8869582414627075, 1.1372637748718262, 1.1111762523651123, 0.8333754539489746, 0.930033802986145, 0.9793336391448975, 0.7640880346298218, 0.8448681831359863]]","[[0.9070664644241333, 0.9045350551605225, 0.95341956615448, 0.9446720480918884, 0.9161396026611328, 1.088416337966919, 0.9233230948448181, 1.1285037994384766, 0.8281509876251221, 1.0017554759979248, 0.949722170829773, 0.838065505027771, 0.8242983818054199, 0.8807215690612793, 0.7909931540489197, 0.7423744797706604, 0.8944146633148193, 0.9031087756156921, 0.8873939514160156, 1.023937702178955, 0.6485708355903625, 0.7344186305999756, 0.9054749608039856, 0.8394678831100464]]","[[1, 1, 1, 1, 1, 1, 1, 1, 1, 1, 1, 1, 1, 1, 1, 1, 1, 1, 1, 1, 1, 1, 1, 1, 0, 0, 0, 0, 0, 0, 0, 0, 0, 0, 0, 0, 0, 0, 0, 0, 0, 0, 0, 0, 0, 0, 0, 0]]","[[1, 1, 1, 1, 1, 1, 1, 0, 0, 1, 1, 1, 1, 1, 1, 0, 1, 0, 0, 1, 1, 1, 1, 1, 1, 1, 1, 1, 1, 0, 1, 0, 1, 0, 1, 1, 1, 1, 1, 1, 1, 1, 1, 0, 1, 1, 1, 1]]",NestedUNet,LungInfection,False,,none,False,none,,24,2,0,calibration_split
0.9596242904663086,0.5416666666666666,0.5416666666666666,0.546875,13,11,11,13,24,24,"[[0.8099700212478638, 0.9354950189590454, 0.7093020677566528, 0.8513171076774597, 0.8905549049377441, 0.8375478982925415, 0.8377333879470825, 0.9643933773040771, 1.0202146768569946, 0.9315185546875, 0.6873560547828674, 0.9090083837509155, 0.6865354180335999, 1.1155388355255127, 1.1235342025756836, 1.0905799865722656, 0.9690080881118774, 1.0449196100234985, 1.1886637210845947, 0.9712284803390503, 0.9969089031219482, 1.0530333518981934, 0.8206014037132263, 0.8907425403594971]]","[[1.0193992853164673, 0.9951833486557007, 1.0179983377456665, 0.9619729518890381, 0.9581892490386963, 1.0892126560211182, 0.9511668682098389, 1.1390025615692139, 0.904670774936676, 1.123974084854126, 0.9823646545410156, 0.894536018371582, 0.9677656292915344, 0.9130547046661377, 0.7864989042282104, 0.8328253030776978, 1.010204792022705, 0.9660724401473999, 0.9010703563690186, 1.1409896612167358, 0.6653763055801392, 0.8375955820083618, 0.9662786722183228, 0.840522289276123]]","[[1, 1, 1, 1, 1, 1, 1, 1, 1, 1, 1, 1, 1, 1, 1, 1, 1, 1, 1, 1, 1, 1, 1, 1, 0, 0, 0, 0, 0, 0, 0, 0, 0, 0, 0, 0, 0, 0, 0, 0, 0, 0, 0, 0, 0, 0, 0, 0]]","[[1, 1, 1, 1, 1, 1, 1, 0, 0, 1, 1, 1, 1, 0, 0, 0, 0, 0, 0, 0, 0, 0, 1, 1, 0, 0, 0, 0, 1, 0, 1, 0, 1, 0, 0, 1, 0, 1, 1, 1, 0, 0, 1, 0, 1, 1, 0, 1]]",NestedUNet,LungInfection,False,,none,False,none,,24,1,0,calibration_split
5.1553635597229,0.4791666666666667,0.6031746031746031,0.5364583333333333,4,20,5,19,24,24,"[[4.481940269470215, 5.041510581970215, 4.64134407043457, 4.682888984680176, 4.828480243682861, 4.532172679901123, 4.840034484863281, 4.653989791870117, 5.145162582397461, 5.084724426269531, 4.2755351066589355, 4.723910808563232, 4.430259704589844, 5.260700225830078, 5.161677837371826, 5.183565616607666, 4.75518274307251, 5.045291900634766, 4.8856000900268555, 4.842967987060547, 5.216070652008057, 5.24433708190918, 4.810715675354004, 4.956360816955566]]","[[4.948551654815674, 5.325353145599365, 5.100726127624512, 4.9734697341918945, 4.799618721008301, 5.228824615478516, 4.925293922424316, 5.081228256225586, 4.624406337738037, 5.665698051452637, 5.098581790924072, 4.800029754638672, 5.205502033233643, 5.088413238525391, 4.773271083831787, 4.35688591003418, 4.935654640197754, 5.048851490020752, 4.570134162902832, 4.880526542663574, 4.283420562744141, 4.84987735748291, 4.6339592933654785, 4.67602014541626]]","[[1, 1, 1, 1, 1, 1, 1, 1, 1, 1, 1, 1, 1, 1, 1, 1, 1, 1, 1, 1, 1, 1, 1, 1, 0, 0, 0, 0, 0, 0, 0, 0, 0, 0, 0, 0, 0, 0, 0, 0, 0, 0, 0, 0, 0, 0, 0, 0]]","[[1, 1, 1, 1, 1, 1, 1, 1, 1, 1, 1, 1, 1, 0, 0, 0, 1, 1, 1, 1, 0, 0, 1, 1, 1, 0, 1, 1, 1, 0, 1, 1, 1, 0, 1, 1, 0, 1, 1, 1, 1, 1, 1, 1, 1, 1, 1, 1]]",Inf_Net,LungInfection,True,200.0,nsgd,True,both,3,24,1,0,calibration_split
4.80098819732666,0.5625,0.5116279069767442,0.5833333333333334,16,8,13,11,24,24,"[[4.405694484710693, 4.873979568481445, 4.522299289703369, 4.50662899017334, 4.8482666015625, 4.419609069824219, 5.092428207397461, 4.773619651794434, 4.929289817810059, 4.954180717468262, 4.333464622497559, 4.623502254486084, 4.340518951416016, 5.425541877746582, 5.111279487609863, 5.322576522827148, 4.68666934967041, 5.0589399337768555, 4.827521324157715, 4.767487525939941, 5.30605411529541, 5.0667724609375, 4.606028079986572, 4.861793518066406]]","[[4.969099044799805, 5.300432205200195, 5.02392578125, 4.87225341796875, 5.137682914733887, 5.329636573791504, 4.976971626281738, 5.039789199829102, 4.689479351043701, 5.577766418457031, 4.925006866455078, 4.698978900909424, 5.1917033195495605, 4.938612461090088, 4.970961093902588, 4.3073320388793945, 4.767808437347412, 5.0464558601379395, 4.477741241455078, 5.137171745300293, 4.3268585205078125, 4.807730674743652, 4.719438552856445, 4.597306251525879]]","[[1, 1, 1, 1, 1, 1, 1, 1, 1, 1, 1, 1, 1, 1, 1, 1, 1, 1, 1, 1, 1, 1, 1, 1, 0, 0, 0, 0, 0, 0, 0, 0, 0, 0, 0, 0, 0, 0, 0, 0, 0, 0, 0, 0, 0, 0, 0, 0]]","[[1, 0, 1, 1, 0, 1, 0, 1, 0, 0, 1, 1, 1, 0, 0, 0, 1, 0, 0, 1, 0, 0, 1, 0, 0, 0, 0, 0, 0, 0, 0, 0, 1, 0, 0, 1, 0, 0, 0, 1, 1, 0, 1, 0, 1, 0, 1, 1]]",Inf_Net,LungInfection,True,200.0,nsgd,True,both,3,24,2,0,calibration_split
4.693392753601074,0.5416666666666666,0.45,0.578125,17,7,15,9,24,24,"[[4.342548847198486, 5.0485076904296875, 4.517766952514648, 4.604299545288086, 4.693304061889648, 4.451735973358154, 4.722175598144531, 4.624746799468994, 5.033857345581055, 4.926269054412842, 4.352933406829834, 4.809804439544678, 4.490169525146484, 5.22910737991333, 5.013566493988037, 5.2026166915893555, 4.866909980773926, 4.908757209777832, 5.099937438964844, 4.758252143859863, 5.1109619140625, 5.038344860076904, 4.646908760070801, 4.957328796386719]]","[[5.015444278717041, 5.352564811706543, 4.990868091583252, 4.944452285766602, 4.804221153259277, 5.0854034423828125, 4.974308013916016, 5.115678787231445, 4.537215232849121, 5.276789665222168, 5.077644348144531, 4.651437759399414, 5.014437198638916, 4.9667439460754395, 4.817384243011475, 4.419681549072266, 4.806347846984863, 5.1781134605407715, 4.651988983154297, 5.09451961517334, 4.555083751678467, 4.884514808654785, 4.435977935791016, 4.646594047546387]]","[[1, 1, 1, 1, 1, 1, 1, 1, 1, 1, 1, 1, 1, 1, 1, 1, 1, 1, 1, 1, 1, 1, 1, 1, 0, 0, 0, 0, 0, 0, 0, 0, 0, 0, 0, 0, 0, 0, 0, 0, 0, 0, 0, 0, 0, 0, 0, 0]]","[[1, 0, 1, 1, 1, 1, 0, 1, 0, 0, 1, 0, 1, 0, 0, 0, 0, 0, 0, 0, 0, 0, 1, 0, 0, 0, 0, 0, 0, 0, 0, 0, 1, 0, 0, 1, 0, 0, 0, 1, 0, 0, 1, 0, 1, 0, 1, 1]]",Inf_Net,LungInfection,True,200.0,psac,True,both,3,24,1,0,calibration_split
5.051742076873779,0.6041666666666666,0.6545454545454545,0.611111111111111,11,13,6,18,24,24,"[[4.457748889923096, 5.1028289794921875, 4.593367099761963, 4.6425652503967285, 4.665688514709473, 4.634103298187256, 4.896597385406494, 4.738258361816406, 5.02799129486084, 4.956501007080078, 4.293774127960205, 4.797780513763428, 4.454578399658203, 5.458178997039795, 5.159651279449463, 5.507322311401367, 5.027397632598877, 4.971741199493408, 4.854700565338135, 4.787552833557129, 5.182454586029053, 5.154065132141113, 4.885183811187744, 4.971297264099121]]","[[5.089879989624023, 5.326826572418213, 5.076766014099121, 5.036045074462891, 4.994993686676025, 5.0903801918029785, 5.054056167602539, 5.268212795257568, 4.62784481048584, 5.70894718170166, 5.026659965515137, 4.933538436889648, 5.173152923583984, 5.144270420074463, 5.009955406188965, 4.539182662963867, 4.79971981048584, 5.0757551193237305, 4.760700702667236, 5.20046329498291, 4.501551628112793, 4.890108585357666, 4.5414652824401855, 4.824925422668457]]","[[1, 1, 1, 1, 1, 1, 1, 1, 1, 1, 1, 1, 1, 1, 1, 1, 1, 1, 1, 1, 1, 1, 1, 1, 0, 0, 0, 0, 0, 0, 0, 0, 0, 0, 0, 0, 0, 0, 0, 0, 0, 0, 0, 0, 0, 0, 0, 0]]","[[1, 0, 1, 1, 1, 1, 1, 1, 1, 1, 1, 1, 1, 0, 0, 0, 1, 1, 1, 1, 0, 0, 1, 1, 0, 0, 0, 1, 1, 0, 0, 0, 1, 0, 1, 1, 0, 0, 1, 1, 1, 0, 1, 0, 1, 1, 1, 1]]",Inf_Net,LungInfection,True,200.0,psac,True,both,3,24,1,0,calibration_split
4.692348480224609,0.5625,0.5116279069767442,0.6163194444444444,16,8,13,11,24,24,"[[4.4635701179504395, 4.944958209991455, 4.541323661804199, 4.4007744789123535, 4.58630895614624, 4.288684844970703, 4.924316883087158, 4.744725227355957, 4.837718963623047, 4.686434268951416, 4.307504177093506, 4.499095916748047, 4.505253791809082, 5.431771278381348, 5.320883750915527, 5.271610260009766, 4.477264404296875, 4.7186126708984375, 4.849125862121582, 4.701256275177002, 5.177938461303711, 5.002619743347168, 4.614990711212158, 5.037429332733154]]","[[4.956686019897461, 5.125905513763428, 5.030338287353516, 4.8990678787231445, 5.070837020874023, 5.367908000946045, 4.956534385681152, 5.006884574890137, 4.384382247924805, 5.61293888092041, 4.955385684967041, 4.644239902496338, 5.157600402832031, 4.861469268798828, 4.826542854309082, 4.1738152503967285, 4.636743068695068, 4.967054843902588, 4.504616737365723, 5.104910850524902, 4.6508307456970215, 4.763413906097412, 4.6596174240112305, 4.667187690734863]]","[[1, 1, 1, 1, 1, 1, 1, 1, 1, 1, 1, 1, 1, 1, 1, 1, 1, 1, 1, 1, 1, 1, 1, 1, 0, 0, 0, 0, 0, 0, 0, 0, 0, 0, 0, 0, 0, 0, 0, 0, 0, 0, 0, 0, 0, 0, 0, 0]]","[[1, 0, 1, 1, 1, 1, 0, 0, 0, 1, 1, 1, 1, 0, 0, 0, 1, 0, 0, 0, 0, 0, 1, 0, 0, 0, 0, 0, 0, 0, 0, 0, 1, 0, 0, 1, 0, 0, 0, 1, 1, 0, 1, 0, 1, 0, 1, 1]]",Inf_Net,LungInfection,True,200.0,psac,True,both,3,24,2,0,calibration_split
0.9690956473350525,0.4791666666666667,0.5614035087719298,0.5434027777777778,7,17,8,16,24,24,"[[0.8039401769638062, 0.9254864454269409, 0.7136087417602539, 0.8813716173171997, 0.8364405632019043, 0.8448314666748047, 0.7877018451690674, 0.994549572467804, 1.0246880054473877, 0.9667344093322754, 0.7354000806808472, 0.9205619096755981, 0.7384974956512451, 1.0067663192749023, 1.0494391918182373, 1.0063652992248535, 0.9383517503738403, 1.0490955114364624, 1.0736596584320068, 0.8602738380432129, 0.9426292181015015, 1.0697383880615234, 0.818752646446228, 0.8988937735557556]]","[[0.9425352811813354, 0.9860737323760986, 0.9899227023124695, 0.9655680656433105, 0.8819452524185181, 1.0670998096466064, 0.9126706123352051, 1.1336228847503662, 0.8942288756370544, 1.0650367736816406, 1.0155160427093506, 0.894881546497345, 0.8701654672622681, 0.9234176874160767, 0.8332611322402954, 0.8364935517311096, 0.9634108543395996, 0.9608636498451233, 0.8863512277603149, 1.1295772790908813, 0.7180675268173218, 0.7986339330673218, 0.9617323875427246, 0.8188264966011047]]","[[1, 1, 1, 1, 1, 1, 1, 1, 1, 1, 1, 1, 1, 1, 1, 1, 1, 1, 1, 1, 1, 1, 1, 1, 0, 0, 0, 0, 0, 0, 0, 0, 0, 0, 0, 0, 0, 0, 0, 0, 0, 0, 0, 0, 0, 0, 0, 0]]","[[1, 1, 1, 1, 1, 1, 1, 0, 0, 1, 1, 1, 1, 0, 0, 0, 1, 0, 0, 1, 1, 0, 1, 1, 1, 0, 0, 1, 1, 0, 1, 0, 1, 0, 0, 1, 1, 1, 1, 1, 1, 1, 1, 0, 1, 1, 1, 1]]",NestedUNet,LungInfection,False,,none,True,close,3,24,2,0,calibration_split
0.978070855140686,0.4791666666666667,0.6153846153846154,0.4774305555555556,3,21,4,20,24,24,"[[0.7202348113059998, 0.878222644329071, 0.6104770302772522, 0.799430251121521, 0.7951706647872925, 0.8953554034233093, 0.7263287305831909, 1.0086510181427002, 0.973425030708313, 0.8982272148132324, 0.6320818066596985, 0.9712975025177002, 0.6214717626571655, 0.9431439638137817, 0.8147070407867432, 1.025089144706726, 0.8850063681602478, 1.0172491073608398, 1.069526195526123, 0.7648143172264099, 0.8542613983154297, 0.9564889669418335, 0.7303776741027832, 0.8505529165267944]]","[[0.8692719340324402, 0.8862658739089966, 0.9638084173202515, 0.9085428714752197, 0.7557373046875, 1.0507254600524902, 0.8776516914367676, 1.185457468032837, 0.808245062828064, 0.8377373218536377, 0.941356360912323, 0.7887420654296875, 0.777750551700592, 0.8058407306671143, 0.721237063407898, 0.7259140610694885, 0.8661413192749023, 0.9162449836730957, 0.8791015148162842, 1.011314034461975, 0.6054116487503052, 0.7106592059135437, 0.8672093152999878, 0.7663843631744385]]","[[1, 1, 1, 1, 1, 1, 1, 1, 1, 1, 1, 1, 1, 1, 1, 1, 1, 1, 1, 1, 1, 1, 1, 1, 0, 0, 0, 0, 0, 0, 0, 0, 0, 0, 0, 0, 0, 0, 0, 0, 0, 0, 0, 0, 0, 0, 0, 0]]","[[1, 1, 1, 1, 1, 1, 1, 0, 1, 1, 1, 1, 1, 1, 1, 0, 1, 0, 0, 1, 1, 1, 1, 1, 1, 1, 1, 1, 1, 0, 1, 0, 1, 1, 1, 1, 1, 1, 1, 1, 1, 1, 1, 0, 1, 1, 1, 1]]",NestedUNet,LungInfection,False,,none,True,close,3,24,1,0,calibration_split
4.726576805114746,0.5833333333333334,0.5652173913043478,0.5833333333333334,15,9,11,13,24,24,"[[4.211766242980957, 4.898159027099609, 4.5199456214904785, 4.471597671508789, 4.707938194274902, 4.488365650177002, 4.93403434753418, 4.6283698081970215, 4.863519668579102, 4.740216255187988, 4.369210720062256, 4.586286544799805, 4.501377105712891, 5.44359016418457, 5.032034873962402, 4.935935020446777, 4.567008972167969, 4.875801086425781, 4.670531272888184, 4.618829727172852, 5.241098403930664, 4.991995811462402, 4.56730842590332, 4.801205635070801]]","[[4.957827091217041, 5.255593299865723, 4.964039325714111, 4.9078264236450195, 4.833606719970703, 5.217057228088379, 4.888809680938721, 4.973804950714111, 4.569224834442139, 5.723882675170898, 4.849515914916992, 4.739983081817627, 5.119122505187988, 4.73687744140625, 4.705021858215332, 4.058021545410156, 4.561393737792969, 5.052000045776367, 4.5092597007751465, 4.909857749938965, 4.420703411102295, 4.670316219329834, 4.353451251983643, 4.591103553771973]]","[[1, 1, 1, 1, 1, 1, 1, 1, 1, 1, 1, 1, 1, 1, 1, 1, 1, 1, 1, 1, 1, 1, 1, 1, 0, 0, 0, 0, 0, 0, 0, 0, 0, 0, 0, 0, 0, 0, 0, 0, 0, 0, 0, 0, 0, 0, 0, 0]]","[[1, 0, 1, 1, 1, 1, 0, 1, 0, 0, 1, 1, 1, 0, 0, 0, 1, 0, 1, 1, 0, 0, 1, 0, 0, 0, 0, 0, 0, 0, 0, 0, 1, 0, 0, 0, 0, 0, 1, 1, 1, 0, 1, 0, 1, 1, 1, 1]]",Inf_Net,LungInfection,True,200.0,psac,False,none,,24,1,0,calibration_split
4.714231967926025,0.625,0.6785714285714286,0.5989583333333334,11,13,5,19,24,24,"[[4.312603950500488, 4.683071136474609, 4.077807426452637, 4.089179515838623, 4.532530784606934, 4.001357078552246, 4.996040344238281, 4.609287261962891, 4.605926513671875, 4.656752586364746, 3.796074390411377, 4.162118911743164, 4.0414347648620605, 5.4649858474731445, 4.999176979064941, 5.576417922973633, 4.291942596435547, 4.587732791900635, 4.467972278594971, 4.4423112869262695, 5.4625654220581055, 4.702620506286621, 4.403280735015869, 4.640049457550049]]","[[4.7434821128845215, 5.078531265258789, 4.83720588684082, 4.590097904205322, 5.077849388122559, 5.41524600982666, 4.7443647384643555, 4.70258092880249, 4.1014251708984375, 5.889035224914551, 4.753942966461182, 4.671282768249512, 5.248085975646973, 4.445638656616211, 4.428496360778809, 3.766284465789795, 4.393312454223633, 4.689436912536621, 4.053703784942627, 4.862373352050781, 3.9832520484924316, 4.557135105133057, 4.792653560638428, 4.428361892700195]]","[[1, 1, 1, 1, 1, 1, 1, 1, 1, 1, 1, 1, 1, 1, 1, 1, 1, 1, 1, 1, 1, 1, 1, 1, 0, 0, 0, 0, 0, 0, 0, 0, 0, 0, 0, 0, 0, 0, 0, 0, 0, 0, 0, 0, 0, 0, 0, 0]]","[[1, 1, 1, 1, 1, 1, 0, 1, 1, 1, 1, 1, 1, 0, 0, 0, 1, 1, 1, 1, 0, 1, 1, 1, 0, 0, 0, 1, 0, 0, 0, 1, 1, 0, 0, 1, 0, 1, 1, 1, 1, 1, 1, 0, 1, 1, 0, 1]]",Inf_Net,LungInfection,True,200.0,psac,False,none,,24,2,0,calibration_split
5.029181957244873,0.5416666666666666,0.5,0.515625,15,9,13,11,24,24,"[[4.7602996826171875, 5.318411827087402, 4.7855072021484375, 5.0120086669921875, 4.704478740692139, 4.92252254486084, 4.921939849853516, 4.992159843444824, 5.3598175048828125, 5.2346086502075195, 4.789398193359375, 5.076737880706787, 4.829062461853027, 5.270597457885742, 5.1103129386901855, 5.253072738647461, 5.150672912597656, 5.249983310699463, 5.026271820068359, 5.05034875869751, 5.0247721672058105, 5.564985752105713, 5.114954471588135, 5.226713180541992]]","[[5.225528717041016, 5.596313953399658, 5.073787689208984, 5.17299747467041, 4.6139349937438965, 5.061152935028076, 5.065991401672363, 5.290770053863525, 4.857741355895996, 5.402436256408691, 5.502336502075195, 4.929749011993408, 5.076520919799805, 5.310412406921387, 5.157821178436279, 4.746410369873047, 5.00687313079834, 5.413877964019775, 4.9538116455078125, 5.222971439361572, 4.778865337371826, 4.986927509307861, 4.575314998626709, 5.109920024871826]]","[[1, 1, 1, 1, 1, 1, 1, 1, 1, 1, 1, 1, 1, 1, 1, 1, 1, 1, 1, 1, 1, 1, 1, 1, 0, 0, 0, 0, 0, 0, 0, 0, 0, 0, 0, 0, 0, 0, 0, 0, 0, 0, 0, 0, 0, 0, 0, 0]]","[[1, 0, 1, 1, 1, 1, 1, 1, 0, 0, 1, 0, 1, 0, 0, 0, 0, 0, 1, 0, 1, 0, 0, 0, 0, 0, 0, 0, 1, 0, 0, 0, 1, 0, 0, 1, 0, 0, 0, 1, 1, 0, 1, 0, 1, 1, 1, 0]]",Inf_Net,LungInfection,True,200.0,nsgd,False,none,,24,2,0,calibration_split
4.6163859367370605,0.5416666666666666,0.3888888888888889,0.5885416666666666,19,5,17,7,24,24,"[[4.380926609039307, 4.923813819885254, 4.5317230224609375, 4.509232521057129, 4.766499996185303, 4.433021545410156, 4.890937328338623, 4.66410493850708, 4.837015628814697, 4.875751495361328, 4.226470947265625, 4.668376922607422, 4.343891143798828, 5.449557304382324, 5.140751361846924, 5.299108028411865, 4.710699081420898, 4.917691230773926, 4.569300651550293, 4.7054901123046875, 5.2722015380859375, 5.076792240142822, 4.743152618408203, 4.902563571929932]]","[[5.048330307006836, 5.265905857086182, 5.013124465942383, 4.86203670501709, 5.131647109985352, 5.225699424743652, 4.878404140472412, 5.056131362915039, 4.577901363372803, 5.491957664489746, 5.031785011291504, 4.725736141204834, 5.329241752624512, 4.873682975769043, 4.768747329711914, 4.11430549621582, 4.611205577850342, 5.068118095397949, 4.661417007446289, 5.156498908996582, 4.3539581298828125, 4.699459552764893, 4.4310736656188965, 4.762579917907715]]","[[1, 1, 1, 1, 1, 1, 1, 1, 1, 1, 1, 1, 1, 1, 1, 1, 1, 1, 1, 1, 1, 1, 1, 1, 0, 0, 0, 0, 0, 0, 0, 0, 0, 0, 0, 0, 0, 0, 0, 0, 0, 0, 0, 0, 0, 0, 0, 0]]","[[1, 0, 1, 1, 0, 1, 0, 0, 0, 0, 1, 0, 1, 0, 0, 0, 0, 0, 1, 0, 0, 0, 0, 0, 0, 0, 0, 0, 0, 0, 0, 0, 1, 0, 0, 0, 0, 0, 0, 1, 1, 0, 0, 0, 1, 0, 1, 0]]",Inf_Net,LungInfection,True,200.0,nsgd,False,none,,24,1,0,calibration_split
1.3229072093963623,0.4791666666666667,0.647887323943662,0.49826388888888895,0,24,1,23,24,24,"[[1.0376455783843994, 1.0778075456619263, 0.9260451793670654, 1.0482217073440552, 1.0478277206420898, 1.2007766962051392, 1.0829999446868896, 1.2387526035308838, 1.1796631813049316, 1.135541319847107, 0.9149914979934692, 1.1081128120422363, 0.923887312412262, 1.1457617282867432, 1.0532033443450928, 1.3948454856872559, 1.1401989459991455, 1.1934082508087158, 1.260822057723999, 1.0929065942764282, 1.1727157831192017, 1.2068983316421509, 1.020058274269104, 1.0799661874771118]]","[[1.1314598321914673, 1.150009036064148, 1.143261432647705, 1.1618577241897583, 1.1866960525512695, 1.2397253513336182, 1.124841332435608, 1.2173011302947998, 1.0617730617523193, 1.1158543825149536, 1.1328421831130981, 1.0430020093917847, 1.0511220693588257, 1.1015070676803589, 1.055759072303772, 1.0093458890914917, 1.1157691478729248, 1.1157459020614624, 1.0682966709136963, 1.1855719089508057, 0.8990131616592407, 1.0128426551818848, 1.1808675527572632, 1.0866233110427856]]","[[1, 1, 1, 1, 1, 1, 1, 1, 1, 1, 1, 1, 1, 1, 1, 1, 1, 1, 1, 1, 1, 1, 1, 1, 0, 0, 0, 0, 0, 0, 0, 0, 0, 0, 0, 0, 0, 0, 0, 0, 0, 0, 0, 0, 0, 0, 0, 0]]","[[1, 1, 1, 1, 1, 1, 1, 1, 1, 1, 1, 1, 1, 1, 1, 0, 1, 1, 1, 1, 1, 1, 1, 1, 1, 1, 1, 1, 1, 1, 1, 1, 1, 1, 1, 1, 1, 1, 1, 1, 1, 1, 1, 1, 1, 1, 1, 1]]",NestedUNet,LungInfection,True,200.0,automatic,True,close,3,4,1,0,calibration_split
1.1983565092086792,0.4375,0.5263157894736842,0.45138888888888895,6,18,9,15,24,24,"[[1.0192573070526123, 1.1032336950302124, 0.9186006188392639, 1.0885918140411377, 1.031256914138794, 1.475508689880371, 1.0596168041229248, 1.4564595222473145, 1.2493914365768433, 1.19232976436615, 0.9196438789367676, 1.2822771072387695, 0.9210025072097778, 1.1126964092254639, 0.9575399160385132, 1.3558429479599, 1.2377898693084717, 1.231870174407959, 1.2888208627700806, 1.1262187957763672, 1.0974671840667725, 1.2597464323043823, 1.0414915084838867, 1.1044623851776123]]","[[1.1566041707992554, 1.2000477313995361, 1.1514887809753418, 1.2001221179962158, 1.0060856342315674, 1.2170768976211548, 1.0543149709701538, 1.2799612283706665, 1.0956308841705322, 0.9565843343734741, 1.2125775814056396, 1.026244878768921, 1.02092444896698, 1.1980559825897217, 1.0968270301818848, 1.0473954677581787, 1.165398359298706, 1.1657581329345703, 1.1994034051895142, 1.1725332736968994, 0.8851060271263123, 0.9841169714927673, 1.1367548704147339, 1.1349563598632812]]","[[1, 1, 1, 1, 1, 1, 1, 1, 1, 1, 1, 1, 1, 1, 1, 1, 1, 1, 1, 1, 1, 1, 1, 1, 0, 0, 0, 0, 0, 0, 0, 0, 0, 0, 0, 0, 0, 0, 0, 0, 0, 0, 0, 0, 0, 0, 0, 0]]","[[1, 1, 1, 1, 1, 0, 1, 0, 0, 1, 1, 0, 1, 1, 1, 0, 0, 0, 0, 1, 1, 0, 1, 1, 1, 0, 1, 0, 1, 0, 1, 0, 1, 1, 0, 1, 1, 1, 1, 1, 1, 1, 0, 1, 1, 1, 1, 1]]",NestedUNet,LungInfection,True,200.0,automatic,True,close,3,4,1,0,calibration_split
1.1861395835876465,0.3958333333333333,0.5084745762711864,0.4409722222222222,4,20,9,15,24,24,"[[0.9843817949295044, 1.06967031955719, 0.8838316202163696, 1.0549598932266235, 1.0407910346984863, 1.310269832611084, 1.0556203126907349, 1.3020436763763428, 1.2604619264602661, 1.153122901916504, 0.886054515838623, 1.1992299556732178, 0.8870599269866943, 1.1385424137115479, 0.987694263458252, 1.3142611980438232, 1.1871482133865356, 1.2212715148925781, 1.3019715547561646, 1.1087799072265625, 1.1508318185806274, 1.2682902812957764, 1.0163371562957764, 1.0821257829666138]]","[[1.1282583475112915, 1.1877163648605347, 1.1198126077651978, 1.1678603887557983, 1.0882292985916138, 1.1889064311981201, 1.0739270448684692, 1.2682368755340576, 1.0535447597503662, 1.0470290184020996, 1.2158763408660889, 1.0034438371658325, 1.0486465692520142, 1.1193647384643555, 1.035506248474121, 1.003509759902954, 1.1299622058868408, 1.1731078624725342, 1.1088247299194336, 1.145179033279419, 0.857129693031311, 0.9898225665092468, 1.1383863687515259, 1.0553412437438965]]","[[1, 1, 1, 1, 1, 1, 1, 1, 1, 1, 1, 1, 1, 1, 1, 1, 1, 1, 1, 1, 1, 1, 1, 1, 0, 0, 0, 0, 0, 0, 0, 0, 0, 0, 0, 0, 0, 0, 0, 0, 0, 0, 0, 0, 0, 0, 0, 0]]","[[1, 1, 1, 1, 1, 0, 1, 0, 0, 1, 1, 0, 1, 1, 1, 0, 0, 0, 0, 1, 1, 0, 1, 1, 1, 0, 1, 1, 1, 0, 1, 0, 1, 1, 0, 1, 1, 1, 1, 1, 1, 1, 1, 1, 1, 1, 1, 1]]",NestedUNet,LungInfection,True,200.0,automatic,True,close,3,4,2,0,calibration_split
1.101907730102539,0.4166666666666667,0.46153846153846156,0.4444444444444445,8,16,12,12,24,24,"[[0.9813776016235352, 1.0375248193740845, 0.8672868013381958, 0.9954826831817627, 1.0354907512664795, 1.3644483089447021, 1.0279319286346436, 1.3713810443878174, 1.1273066997528076, 1.0734236240386963, 0.8623718023300171, 1.1800878047943115, 0.8669475317001343, 1.1515498161315918, 0.9579821228981018, 1.361007571220398, 1.1477553844451904, 1.1561095714569092, 1.2938330173492432, 1.1167877912521362, 1.1063984632492065, 1.1788697242736816, 0.9684839248657227, 1.0244190692901611]]","[[1.1259585618972778, 1.093392014503479, 1.1181964874267578, 1.1232810020446777, 1.043705940246582, 1.2060928344726562, 1.0039923191070557, 1.1825377941131592, 1.012641191482544, 0.9895271062850952, 1.1043084859848022, 1.0058671236038208, 1.0617501735687256, 1.0678486824035645, 0.9675824642181396, 0.9826290607452393, 1.0836036205291748, 1.0677337646484375, 1.0905654430389404, 1.1235402822494507, 0.8372109532356262, 0.9798481464385986, 1.124169111251831, 1.086675763130188]]","[[1, 1, 1, 1, 1, 1, 1, 1, 1, 1, 1, 1, 1, 1, 1, 1, 1, 1, 1, 1, 1, 1, 1, 1, 0, 0, 0, 0, 0, 0, 0, 0, 0, 0, 0, 0, 0, 0, 0, 0, 0, 0, 0, 0, 0, 0, 0, 0]]","[[1, 1, 1, 1, 1, 0, 1, 0, 0, 1, 1, 0, 1, 0, 1, 0, 0, 0, 0, 0, 0, 0, 1, 1, 0, 1, 0, 0, 1, 0, 1, 0, 1, 1, 0, 1, 1, 1, 1, 1, 1, 1, 1, 0, 1, 1, 0, 1]]",NestedUNet,LungInfection,True,200.0,automatic,False,none,,4,1,0,calibration_split
1.0987863540649414,0.4375,0.49056603773584906,0.44965277777777773,8,16,11,13,24,24,"[[0.9914405345916748, 1.0506515502929688, 0.8682939410209656, 1.000119686126709, 1.0472005605697632, 1.3742698431015015, 1.0288748741149902, 1.3546597957611084, 1.1320624351501465, 1.0635558366775513, 0.8642170429229736, 1.1718593835830688, 0.86917644739151, 1.130666971206665, 0.9605770111083984, 1.3571984767913818, 1.1449198722839355, 1.1768020391464233, 1.2670607566833496, 1.0578374862670898, 1.130138874053955, 1.1340575218200684, 0.9486343860626221, 1.0222541093826294]]","[[1.1140698194503784, 1.090572476387024, 1.1271283626556396, 1.116523027420044, 1.0406923294067383, 1.2118885517120361, 1.044274091720581, 1.191439151763916, 1.0007307529449463, 0.9941699504852295, 1.106499433517456, 0.9961183071136475, 1.0501867532730103, 1.0911333560943604, 0.9891408681869507, 0.9376417398452759, 1.0688884258270264, 1.064115047454834, 1.0939868688583374, 1.1091498136520386, 0.8472452163696289, 0.9794437885284424, 1.1336536407470703, 1.094718337059021]]","[[1, 1, 1, 1, 1, 1, 1, 1, 1, 1, 1, 1, 1, 1, 1, 1, 1, 1, 1, 1, 1, 1, 1, 1, 0, 0, 0, 0, 0, 0, 0, 0, 0, 0, 0, 0, 0, 0, 0, 0, 0, 0, 0, 0, 0, 0, 0, 0]]","[[1, 1, 1, 1, 1, 0, 1, 0, 0, 1, 1, 0, 1, 0, 1, 0, 0, 0, 0, 1, 0, 0, 1, 1, 0, 1, 0, 0, 1, 0, 1, 0, 1, 1, 0, 1, 1, 1, 1, 1, 1, 1, 1, 0, 1, 1, 0, 1]]",NestedUNet,LungInfection,True,200.0,automatic,False,none,,4,2,0,calibration_split
1.1861395835876465,0.3958333333333333,0.5084745762711864,0.4409722222222222,4,20,9,15,24,24,"[[0.9843817949295044, 1.06967031955719, 0.8838316202163696, 1.0549598932266235, 1.0407910346984863, 1.310269832611084, 1.0556203126907349, 1.3020436763763428, 1.2604619264602661, 1.153122901916504, 0.886054515838623, 1.1992299556732178, 0.8870599269866943, 1.1385424137115479, 0.987694263458252, 1.3142611980438232, 1.1871482133865356, 1.2212715148925781, 1.3019715547561646, 1.1087799072265625, 1.1508318185806274, 1.2682902812957764, 1.0163371562957764, 1.0821257829666138]]","[[1.1282583475112915, 1.1877163648605347, 1.1198126077651978, 1.1678603887557983, 1.0882292985916138, 1.1889064311981201, 1.0739270448684692, 1.2682368755340576, 1.0535447597503662, 1.0470290184020996, 1.2158763408660889, 1.0034438371658325, 1.0486465692520142, 1.1193647384643555, 1.035506248474121, 1.003509759902954, 1.1299622058868408, 1.1731078624725342, 1.1088247299194336, 1.145179033279419, 0.857129693031311, 0.9898225665092468, 1.1383863687515259, 1.0553412437438965]]","[[1, 1, 1, 1, 1, 1, 1, 1, 1, 1, 1, 1, 1, 1, 1, 1, 1, 1, 1, 1, 1, 1, 1, 1, 0, 0, 0, 0, 0, 0, 0, 0, 0, 0, 0, 0, 0, 0, 0, 0, 0, 0, 0, 0, 0, 0, 0, 0]]","[[1, 1, 1, 1, 1, 0, 1, 0, 0, 1, 1, 0, 1, 1, 1, 0, 0, 0, 0, 1, 1, 0, 1, 1, 1, 0, 1, 1, 1, 0, 1, 0, 1, 1, 0, 1, 1, 1, 1, 1, 1, 1, 1, 1, 1, 1, 1, 1]]",NestedUNet,LungInfection,True,200.0,automatic,True,close,3,4,2,0,calibration_split
0.9801450371742249,0.4791666666666667,0.6031746031746031,0.5399305555555556,4,20,5,19,24,24,"[[0.768969714641571, 0.8730047345161438, 0.6534268260002136, 0.8230119943618774, 0.8043893575668335, 0.7986854910850525, 0.7674283385276794, 1.092348575592041, 0.9842255115509033, 0.9320507049560547, 0.6759368777275085, 0.8919984698295593, 0.6630180478096008, 0.9634886980056763, 0.9068993330001831, 1.0422694683074951, 0.8869582414627075, 1.1372637748718262, 1.1111762523651123, 0.8333754539489746, 0.930033802986145, 0.9793336391448975, 0.7640880346298218, 0.8448681831359863]]","[[0.9070664644241333, 0.9045350551605225, 0.95341956615448, 0.9446720480918884, 0.9161396026611328, 1.088416337966919, 0.9233230948448181, 1.1285037994384766, 0.8281509876251221, 1.0017554759979248, 0.949722170829773, 0.838065505027771, 0.8242983818054199, 0.8807215690612793, 0.7909931540489197, 0.7423744797706604, 0.8944146633148193, 0.9031087756156921, 0.8873939514160156, 1.023937702178955, 0.6485708355903625, 0.7344186305999756, 0.9054749608039856, 0.8394678831100464]]","[[1, 1, 1, 1, 1, 1, 1, 1, 1, 1, 1, 1, 1, 1, 1, 1, 1, 1, 1, 1, 1, 1, 1, 1, 0, 0, 0, 0, 0, 0, 0, 0, 0, 0, 0, 0, 0, 0, 0, 0, 0, 0, 0, 0, 0, 0, 0, 0]]","[[1, 1, 1, 1, 1, 1, 1, 0, 0, 1, 1, 1, 1, 1, 1, 0, 1, 0, 0, 1, 1, 1, 1, 1, 1, 1, 1, 1, 1, 0, 1, 0, 1, 0, 1, 1, 1, 1, 1, 1, 1, 1, 1, 0, 1, 1, 1, 1]]",NestedUNet,LungInfection,False,,none,False,none,,24,2,0,calibration_split
0.9596242904663086,0.5416666666666666,0.5416666666666666,0.546875,13,11,11,13,24,24,"[[0.8099700212478638, 0.9354950189590454, 0.7093020677566528, 0.8513171076774597, 0.8905549049377441, 0.8375478982925415, 0.8377333879470825, 0.9643933773040771, 1.0202146768569946, 0.9315185546875, 0.6873560547828674, 0.9090083837509155, 0.6865354180335999, 1.1155388355255127, 1.1235342025756836, 1.0905799865722656, 0.9690080881118774, 1.0449196100234985, 1.1886637210845947, 0.9712284803390503, 0.9969089031219482, 1.0530333518981934, 0.8206014037132263, 0.8907425403594971]]","[[1.0193992853164673, 0.9951833486557007, 1.0179983377456665, 0.9619729518890381, 0.9581892490386963, 1.0892126560211182, 0.9511668682098389, 1.1390025615692139, 0.904670774936676, 1.123974084854126, 0.9823646545410156, 0.894536018371582, 0.9677656292915344, 0.9130547046661377, 0.7864989042282104, 0.8328253030776978, 1.010204792022705, 0.9660724401473999, 0.9010703563690186, 1.1409896612167358, 0.6653763055801392, 0.8375955820083618, 0.9662786722183228, 0.840522289276123]]","[[1, 1, 1, 1, 1, 1, 1, 1, 1, 1, 1, 1, 1, 1, 1, 1, 1, 1, 1, 1, 1, 1, 1, 1, 0, 0, 0, 0, 0, 0, 0, 0, 0, 0, 0, 0, 0, 0, 0, 0, 0, 0, 0, 0, 0, 0, 0, 0]]","[[1, 1, 1, 1, 1, 1, 1, 0, 0, 1, 1, 1, 1, 0, 0, 0, 0, 0, 0, 0, 0, 0, 1, 1, 0, 0, 0, 0, 1, 0, 1, 0, 1, 0, 0, 1, 0, 1, 1, 1, 0, 0, 1, 0, 1, 1, 0, 1]]",NestedUNet,LungInfection,False,,none,False,none,,24,1,0,calibration_split
0.9690956473350525,0.4791666666666667,0.5614035087719298,0.5434027777777778,7,17,8,16,24,24,"[[0.8039401769638062, 0.9254864454269409, 0.7136087417602539, 0.8813716173171997, 0.8364405632019043, 0.8448314666748047, 0.7877018451690674, 0.994549572467804, 1.0246880054473877, 0.9667344093322754, 0.7354000806808472, 0.9205619096755981, 0.7384974956512451, 1.0067663192749023, 1.0494391918182373, 1.0063652992248535, 0.9383517503738403, 1.0490955114364624, 1.0736596584320068, 0.8602738380432129, 0.9426292181015015, 1.0697383880615234, 0.818752646446228, 0.8988937735557556]]","[[0.9425352811813354, 0.9860737323760986, 0.9899227023124695, 0.9655680656433105, 0.8819452524185181, 1.0670998096466064, 0.9126706123352051, 1.1336228847503662, 0.8942288756370544, 1.0650367736816406, 1.0155160427093506, 0.894881546497345, 0.8701654672622681, 0.9234176874160767, 0.8332611322402954, 0.8364935517311096, 0.9634108543395996, 0.9608636498451233, 0.8863512277603149, 1.1295772790908813, 0.7180675268173218, 0.7986339330673218, 0.9617323875427246, 0.8188264966011047]]","[[1, 1, 1, 1, 1, 1, 1, 1, 1, 1, 1, 1, 1, 1, 1, 1, 1, 1, 1, 1, 1, 1, 1, 1, 0, 0, 0, 0, 0, 0, 0, 0, 0, 0, 0, 0, 0, 0, 0, 0, 0, 0, 0, 0, 0, 0, 0, 0]]","[[1, 1, 1, 1, 1, 1, 1, 0, 0, 1, 1, 1, 1, 0, 0, 0, 1, 0, 0, 1, 1, 0, 1, 1, 1, 0, 0, 1, 1, 0, 1, 0, 1, 0, 0, 1, 1, 1, 1, 1, 1, 1, 1, 0, 1, 1, 1, 1]]",NestedUNet,LungInfection,False,,none,True,close,3,24,2,0,calibration_split
0.978070855140686,0.4791666666666667,0.6153846153846154,0.4774305555555556,3,21,4,20,24,24,"[[0.7202348113059998, 0.878222644329071, 0.6104770302772522, 0.799430251121521, 0.7951706647872925, 0.8953554034233093, 0.7263287305831909, 1.0086510181427002, 0.973425030708313, 0.8982272148132324, 0.6320818066596985, 0.9712975025177002, 0.6214717626571655, 0.9431439638137817, 0.8147070407867432, 1.025089144706726, 0.8850063681602478, 1.0172491073608398, 1.069526195526123, 0.7648143172264099, 0.8542613983154297, 0.9564889669418335, 0.7303776741027832, 0.8505529165267944]]","[[0.8692719340324402, 0.8862658739089966, 0.9638084173202515, 0.9085428714752197, 0.7557373046875, 1.0507254600524902, 0.8776516914367676, 1.185457468032837, 0.808245062828064, 0.8377373218536377, 0.941356360912323, 0.7887420654296875, 0.777750551700592, 0.8058407306671143, 0.721237063407898, 0.7259140610694885, 0.8661413192749023, 0.9162449836730957, 0.8791015148162842, 1.011314034461975, 0.6054116487503052, 0.7106592059135437, 0.8672093152999878, 0.7663843631744385]]","[[1, 1, 1, 1, 1, 1, 1, 1, 1, 1, 1, 1, 1, 1, 1, 1, 1, 1, 1, 1, 1, 1, 1, 1, 0, 0, 0, 0, 0, 0, 0, 0, 0, 0, 0, 0, 0, 0, 0, 0, 0, 0, 0, 0, 0, 0, 0, 0]]","[[1, 1, 1, 1, 1, 1, 1, 0, 1, 1, 1, 1, 1, 1, 1, 0, 1, 0, 0, 1, 1, 1, 1, 1, 1, 1, 1, 1, 1, 0, 1, 0, 1, 1, 1, 1, 1, 1, 1, 1, 1, 1, 1, 0, 1, 1, 1, 1]]",NestedUNet,LungInfection,False,,none,True,close,3,24,1,0,calibration_split
0.978070855140686,0.4791666666666667,0.6153846153846154,0.4774305555555556,3,21,4,20,24,24,"[[0.7202348113059998, 0.878222644329071, 0.6104770302772522, 0.799430251121521, 0.7951706647872925, 0.8953554034233093, 0.7263287305831909, 1.0086510181427002, 0.973425030708313, 0.8982272148132324, 0.6320818066596985, 0.9712975025177002, 0.6214717626571655, 0.9431439638137817, 0.8147070407867432, 1.025089144706726, 0.8850063681602478, 1.0172491073608398, 1.069526195526123, 0.7648143172264099, 0.8542613983154297, 0.9564889669418335, 0.7303776741027832, 0.8505529165267944]]","[[0.8692719340324402, 0.8862658739089966, 0.9638084173202515, 0.9085428714752197, 0.7557373046875, 1.0507254600524902, 0.8776516914367676, 1.185457468032837, 0.808245062828064, 0.8377373218536377, 0.941356360912323, 0.7887420654296875, 0.777750551700592, 0.8058407306671143, 0.721237063407898, 0.7259140610694885, 0.8661413192749023, 0.9162449836730957, 0.8791015148162842, 1.011314034461975, 0.6054116487503052, 0.7106592059135437, 0.8672093152999878, 0.7663843631744385]]","[[1, 1, 1, 1, 1, 1, 1, 1, 1, 1, 1, 1, 1, 1, 1, 1, 1, 1, 1, 1, 1, 1, 1, 1, 0, 0, 0, 0, 0, 0, 0, 0, 0, 0, 0, 0, 0, 0, 0, 0, 0, 0, 0, 0, 0, 0, 0, 0]]","[[1, 1, 1, 1, 1, 1, 1, 0, 1, 1, 1, 1, 1, 1, 1, 0, 1, 0, 0, 1, 1, 1, 1, 1, 1, 1, 1, 1, 1, 0, 1, 0, 1, 1, 1, 1, 1, 1, 1, 1, 1, 1, 1, 0, 1, 1, 1, 1]]",NestedUNet,LungInfection,False,,none,True,close,3,24,1,0,calibration_split
0.9690956473350525,0.4791666666666667,0.5614035087719298,0.5434027777777778,7,17,8,16,24,24,"[[0.8039401769638062, 0.9254864454269409, 0.7136087417602539, 0.8813716173171997, 0.8364405632019043, 0.8448314666748047, 0.7877018451690674, 0.994549572467804, 1.0246880054473877, 0.9667344093322754, 0.7354000806808472, 0.9205619096755981, 0.7384974956512451, 1.0067663192749023, 1.0494391918182373, 1.0063652992248535, 0.9383517503738403, 1.0490955114364624, 1.0736596584320068, 0.8602738380432129, 0.9426292181015015, 1.0697383880615234, 0.818752646446228, 0.8988937735557556]]","[[0.9425352811813354, 0.9860737323760986, 0.9899227023124695, 0.9655680656433105, 0.8819452524185181, 1.0670998096466064, 0.9126706123352051, 1.1336228847503662, 0.8942288756370544, 1.0650367736816406, 1.0155160427093506, 0.894881546497345, 0.8701654672622681, 0.9234176874160767, 0.8332611322402954, 0.8364935517311096, 0.9634108543395996, 0.9608636498451233, 0.8863512277603149, 1.1295772790908813, 0.7180675268173218, 0.7986339330673218, 0.9617323875427246, 0.8188264966011047]]","[[1, 1, 1, 1, 1, 1, 1, 1, 1, 1, 1, 1, 1, 1, 1, 1, 1, 1, 1, 1, 1, 1, 1, 1, 0, 0, 0, 0, 0, 0, 0, 0, 0, 0, 0, 0, 0, 0, 0, 0, 0, 0, 0, 0, 0, 0, 0, 0]]","[[1, 1, 1, 1, 1, 1, 1, 0, 0, 1, 1, 1, 1, 0, 0, 0, 1, 0, 0, 1, 1, 0, 1, 1, 1, 0, 0, 1, 1, 0, 1, 0, 1, 0, 0, 1, 1, 1, 1, 1, 1, 1, 1, 0, 1, 1, 1, 1]]",NestedUNet,LungInfection,False,,none,True,close,3,24,2,0,calibration_split
3.0433621406555176,0.7916666666666666,0.8076923076923077,0.8836805555555556,17,7,3,21,24,24,"[[2.658937692642212, 3.3724162578582764, 2.1590943336486816, 1.9844768047332764, 2.6235828399658203, 1.5616395473480225, 2.6179118156433105, 2.657571315765381, 2.088745594024658, 1.8825520277023315, 2.176802635192871, 1.9123152494430542, 2.1270594596862793, 3.587033748626709, 2.7016358375549316, 2.795048236846924, 1.9512923955917358, 2.130495071411133, 2.485473155975342, 2.726332187652588, 3.0907042026519775, 1.5525916814804077, 2.2682759761810303, 2.8038716316223145]]","[[4.122417449951172, 3.818405866622925, 4.414578914642334, 3.942364454269409, 3.4682230949401855, 4.810385704040527, 3.5772597789764404, 4.064812183380127, 3.3496575355529785, 5.172353267669678, 2.850694179534912, 3.8482654094696045, 3.5811195373535156, 2.495450973510742, 2.693023443222046, 2.2994961738586426, 3.963850259780884, 2.9508888721466064, 2.481110095977783, 4.508883953094482, 2.300384998321533, 3.643111228942871, 3.8002829551696777, 3.1752452850341797]]","[[1, 1, 1, 1, 1, 1, 1, 1, 1, 1, 1, 1, 1, 1, 1, 1, 1, 1, 1, 1, 1, 1, 1, 1, 0, 0, 0, 0, 0, 0, 0, 0, 0, 0, 0, 0, 0, 0, 0, 0, 0, 0, 0, 0, 0, 0, 0, 0]]","[[1, 0, 1, 1, 1, 1, 1, 1, 1, 1, 1, 1, 1, 0, 1, 1, 1, 1, 1, 1, 0, 1, 1, 1, 0, 0, 0, 0, 0, 0, 0, 0, 0, 0, 1, 0, 0, 1, 1, 1, 0, 1, 1, 0, 1, 0, 0, 0]]",Inf_Net,LungInfection,False,,none,False,none,,24,1,0,calibration_split
2.931222915649414,0.8333333333333334,0.84,0.8871527777777778,19,5,3,21,24,24,"[[2.574645519256592, 3.3672726154327393, 2.1379008293151855, 2.053779125213623, 2.6265106201171875, 1.5009912252426147, 2.7723660469055176, 2.7431719303131104, 2.179190158843994, 1.9170231819152832, 2.1608333587646484, 1.843595266342163, 2.165470600128174, 3.570251941680908, 2.72969388961792, 2.87591814994812, 1.993243932723999, 2.1006581783294678, 2.5522778034210205, 2.6705145835876465, 3.0104711055755615, 1.402365803718567, 2.3514037132263184, 2.830021381378174]]","[[4.353748321533203, 3.932244062423706, 4.511055946350098, 4.122070789337158, 3.9075589179992676, 5.05394172668457, 3.536252498626709, 4.2313055992126465, 3.6097781658172607, 5.198214530944824, 3.1938693523406982, 3.8367605209350586, 3.608999729156494, 2.695528507232666, 2.6218724250793457, 2.150763511657715, 4.295505523681641, 3.3365249633789062, 2.5725796222686768, 4.124532222747803, 2.3478007316589355, 3.677847146987915, 4.1408209800720215, 3.345669746398926]]","[[1, 1, 1, 1, 1, 1, 1, 1, 1, 1, 1, 1, 1, 1, 1, 1, 1, 1, 1, 1, 1, 1, 1, 1, 0, 0, 0, 0, 0, 0, 0, 0, 0, 0, 0, 0, 0, 0, 0, 0, 0, 0, 0, 0, 0, 0, 0, 0]]","[[1, 0, 1, 1, 1, 1, 1, 1, 1, 1, 1, 1, 1, 0, 1, 1, 1, 1, 1, 1, 0, 1, 1, 1, 0, 0, 0, 0, 0, 0, 0, 0, 0, 0, 0, 0, 0, 1, 1, 1, 0, 0, 1, 0, 1, 0, 0, 0]]",Inf_Net,LungInfection,False,,none,False,none,,24,2,0,calibration_split
3.115744113922119,0.8125,0.8301886792452831,0.8732638888888888,17,7,2,22,24,24,"[[2.567500114440918, 3.382643699645996, 2.1149709224700928, 2.0643863677978516, 2.725112199783325, 1.5430173873901367, 2.7754249572753906, 2.784660816192627, 2.1579294204711914, 1.9551664590835571, 2.101749897003174, 1.8861515522003174, 2.170875310897827, 3.591864824295044, 2.7540478706359863, 2.929119348526001, 2.1048309803009033, 2.2742936611175537, 2.518261432647705, 2.724701404571533, 3.1150972843170166, 1.5434527397155762, 2.428105354309082, 2.8701934814453125]]","[[4.134138107299805, 3.499197006225586, 4.517180442810059, 3.8542826175689697, 3.3443238735198975, 4.469407558441162, 3.4283976554870605, 4.305636405944824, 3.2597522735595703, 5.784926414489746, 2.9193272590637207, 3.596531391143799, 3.5866856575012207, 2.9419171810150146, 2.547287702560425, 2.2564196586608887, 4.155177116394043, 3.2199172973632812, 2.308403491973877, 4.037466049194336, 2.1253669261932373, 3.7845160961151123, 3.7105026245117188, 3.0967373847961426]]","[[1, 1, 1, 1, 1, 1, 1, 1, 1, 1, 1, 1, 1, 1, 1, 1, 1, 1, 1, 1, 1, 1, 1, 1, 0, 0, 0, 0, 0, 0, 0, 0, 0, 0, 0, 0, 0, 0, 0, 0, 0, 0, 0, 0, 0, 0, 0, 0]]","[[1, 0, 1, 1, 1, 1, 1, 1, 1, 1, 1, 1, 1, 0, 1, 1, 1, 1, 1, 1, 1, 1, 1, 1, 0, 0, 0, 0, 0, 0, 0, 0, 0, 0, 1, 0, 0, 1, 1, 1, 0, 0, 1, 0, 1, 0, 0, 1]]",Inf_Net,LungInfection,False,,none,True,both,3,24,2,0,calibration_split
3.1681885719299316,0.8125,0.8301886792452831,0.8628472222222222,17,7,2,22,24,24,"[[2.620194435119629, 3.4353420734405518, 2.1041693687438965, 2.1030449867248535, 2.8061537742614746, 1.539879560470581, 2.6972768306732178, 3.044398784637451, 2.141956090927124, 1.9603180885314941, 2.1341614723205566, 1.9089537858963013, 2.1589560508728027, 3.706770896911621, 2.8735761642456055, 3.0648560523986816, 1.9079320430755615, 2.1627793312072754, 2.7502570152282715, 2.7869248390197754, 3.100609302520752, 1.4344836473464966, 2.467055082321167, 2.910707950592041]]","[[4.1676530838012695, 4.095529079437256, 4.332508087158203, 4.183252334594727, 3.62117338180542, 4.862612724304199, 3.7071566581726074, 4.201186180114746, 3.6916751861572266, 6.079708576202393, 2.7247395515441895, 3.6013646125793457, 3.7028231620788574, 2.642472982406616, 2.6503565311431885, 2.223619222640991, 3.940243721008301, 3.1058449745178223, 2.262953042984009, 4.527048110961914, 2.278158664703369, 4.102933883666992, 4.254080772399902, 3.289883613586426]]","[[1, 1, 1, 1, 1, 1, 1, 1, 1, 1, 1, 1, 1, 1, 1, 1, 1, 1, 1, 1, 1, 1, 1, 1, 0, 0, 0, 0, 0, 0, 0, 0, 0, 0, 0, 0, 0, 0, 0, 0, 0, 0, 0, 0, 0, 0, 0, 0]]","[[1, 0, 1, 1, 1, 1, 1, 1, 1, 1, 1, 1, 1, 0, 1, 1, 1, 1, 1, 1, 1, 1, 1, 1, 0, 0, 0, 0, 0, 0, 0, 0, 0, 0, 1, 0, 0, 1, 1, 1, 0, 1, 1, 0, 1, 0, 0, 0]]",Inf_Net,LungInfection,False,,none,True,both,3,24,1,0,calibration_split
